Id,label_0,label_1,label_2,label_3,label_4,label_5,label_6,label_7,label_8,label_9,label_10,label_11,label_12,label_13,label_14,label_15,label_16,label_17
1,1,0,0,0,0,0,0,0,0,0,0,0,0,0,0,0,0,0
2,1,0,0,0,0,0,0,0,0,0,0,0,0,0,0,0,0,0
3,1,0,0,0,0,0,0,0,0,0,0,0,0,0,0,0,0,0
4,0,0,0,0,0,0,0,0,0,0,0,0,0,0,0,0,0,0
5,1,0,0,1,0,0,0,0,0,0,0,0,0,0,0,0,0,0
6,0,0,0,1,0,0,0,0,0,0,0,0,0,0,0,0,0,0
7,0,0,0,0,0,0,0,0,0,0,0,0,0,0,0,0,0,0
8,1,0,1,1,0,0,0,0,0,0,0,0,0,0,0,0,0,0
9,1,0,1,0,1,0,0,0,0,0,0,0,0,0,0,0,0,0
10,1,0,0,1,0,0,0,0,0,0,0,0,0,0,0,0,0,0
11,0,0,0,0,0,0,0,0,0,0,0,0,0,0,0,0,0,0
12,0,1,0,0,1,1,0,0,0,0,0,0,0,0,0,0,0,0
13,1,0,0,1,0,0,0,0,0,0,0,0,0,0,0,0,0,0
14,0,0,0,0,0,0,0,0,0,0,0,0,0,0,0,0,0,0
15,0,0,0,0,0,0,0,0,0,0,0,0,0,0,0,0,0,0
16,0,0,0,0,0,0,0,0,0,0,0,0,0,0,0,0,0,0
17,1,1,0,0,0,0,0,1,0,0,0,0,0,0,0,0,0,0
18,0,0,0,0,0,0,0,0,0,0,0,0,0,0,0,0,0,0
19,0,0,0,0,0,0,0,0,0,0,0,0,0,0,0,0,0,0
20,0,0,1,1,0,0,1,0,0,0,0,0,0,0,0,0,0,0
21,0,0,0,0,0,0,0,0,0,0,0,0,0,0,0,0,0,0
22,1,0,0,1,0,0,0,0,0,0,0,0,0,0,0,0,0,0
23,0,0,0,0,0,0,0,0,0,0,0,0,0,0,0,0,0,0
24,1,1,0,0,1,0,0,0,0,0,0,0,0,0,0,0,0,0
25,1,0,0,0,0,0,0,0,0,0,0,0,0,0,0,0,0,0
26,0,1,0,0,0,1,0,0,0,0,0,0,0,0,0,0,0,0
27,1,0,0,0,1,0,0,0,0,0,0,0,0,0,0,0,0,0
28,0,0,0,0,0,0,0,0,0,0,0,0,0,0,0,0,0,0
29,0,0,0,1,0,0,0,0,0,0,0,0,0,0,0,0,0,0
30,0,0,0,0,0,0,0,0,0,0,0,0,0,0,0,0,0,0
31,1,0,0,0,0,0,1,0,0,0,0,0,0,0,0,0,0,0
32,0,0,0,0,0,0,0,0,0,0,0,0,0,0,0,0,0,0
33,1,0,0,1,1,0,0,0,0,0,0,0,0,0,0,0,0,0
34,1,0,1,1,0,0,0,0,0,0,0,0,0,0,0,0,0,0
35,1,0,0,0,0,0,0,0,0,0,0,0,0,0,0,0,0,0
36,1,0,1,0,0,0,0,0,0,0,0,0,0,0,0,0,0,0
37,1,0,0,1,0,0,0,0,0,0,0,0,0,0,0,0,0,0
38,0,0,0,0,0,0,0,0,0,0,0,0,0,0,0,0,0,0
39,1,0,0,0,0,0,0,0,0,0,0,0,0,0,0,0,0,0
40,1,0,0,1,0,0,0,0,0,0,0,0,0,0,0,0,0,0
41,0,0,0,1,0,0,0,0,0,0,0,0,0,0,0,0,0,0
42,1,0,1,0,0,0,0,0,1,0,0,0,0,0,0,0,0,0
43,1,0,0,1,0,0,0,0,1,0,0,0,0,0,0,0,0,0
44,1,0,0,1,0,0,0,0,1,0,0,0,0,0,0,0,0,0
45,0,0,0,1,0,0,0,0,0,0,0,0,0,0,0,0,0,0
46,0,0,0,0,0,0,0,0,0,0,0,0,0,0,0,0,0,0
47,1,0,0,1,0,0,0,0,0,0,0,0,0,0,0,0,0,0
48,0,0,0,0,0,0,0,0,0,0,0,0,0,0,0,0,0,0
49,0,0,0,0,0,0,0,0,0,0,0,0,0,0,0,0,0,0
50,1,0,1,0,0,0,0,0,0,0,0,0,0,0,0,0,0,0
51,0,0,0,1,0,0,0,0,0,0,0,0,0,0,0,0,0,0
52,0,0,0,0,0,0,0,0,0,0,0,0,0,0,0,0,0,0
53,1,0,0,1,0,0,0,0,0,0,0,0,0,0,0,0,0,0
54,1,0,0,0,0,0,0,0,1,0,0,0,0,0,0,0,0,0
55,1,0,0,1,0,0,0,0,0,0,0,0,0,0,0,0,0,0
56,0,0,0,0,0,0,0,0,1,0,0,0,0,0,0,0,0,0
57,0,0,0,0,0,0,0,0,0,0,0,0,0,0,0,0,0,0
58,1,1,0,0,0,0,0,0,0,0,0,0,0,0,0,0,0,0
59,1,0,0,0,1,0,0,0,0,1,0,0,0,0,0,0,0,0
60,1,0,0,0,0,0,0,0,0,1,0,0,1,0,0,0,0,0
61,1,0,0,0,0,0,0,0,0,0,0,0,0,0,0,0,0,0
62,1,1,0,1,0,0,0,0,0,0,0,0,0,0,0,0,0,0
63,0,0,0,1,0,0,0,0,0,0,0,0,0,0,0,0,0,0
64,0,0,0,0,0,0,0,0,0,0,0,0,0,0,0,0,0,0
65,0,0,0,0,0,0,0,0,0,0,0,0,0,0,0,0,0,0
66,0,0,0,0,0,0,0,0,0,0,0,0,0,0,0,0,0,0
67,1,0,0,0,0,0,0,0,0,0,0,0,0,0,0,0,0,0
68,1,0,0,0,0,1,0,0,0,0,0,0,0,0,0,0,0,0
69,1,0,0,1,0,0,0,0,0,1,0,0,0,0,0,0,0,0
70,1,0,0,0,0,0,0,0,0,0,0,0,0,0,0,0,0,0
71,1,0,0,0,0,0,0,0,0,0,0,0,0,0,0,0,0,0
72,1,0,0,1,0,0,0,0,0,0,0,0,0,0,0,0,0,0
73,0,0,0,0,0,0,0,0,0,0,0,0,0,0,0,0,0,0
74,0,1,0,0,0,0,0,0,0,0,0,0,0,0,0,0,0,0
75,1,0,0,0,0,0,0,0,0,0,0,0,0,0,0,0,0,0
76,1,0,1,0,0,0,0,0,0,1,0,0,0,0,0,0,0,0
77,1,0,0,1,0,0,0,0,0,1,0,0,0,0,0,0,0,0
78,0,0,0,0,0,0,0,0,0,0,0,0,0,0,0,0,0,0
79,1,0,0,0,0,0,0,0,0,0,0,0,0,0,0,0,0,0
80,1,0,0,0,0,0,0,0,0,0,0,0,0,0,0,0,0,0
81,1,0,1,0,0,0,0,0,0,1,0,0,0,0,0,0,0,0
82,1,0,0,1,0,0,0,0,0,0,0,0,0,0,0,0,0,0
83,1,1,0,0,0,0,0,0,0,0,0,0,0,0,0,0,0,0
84,0,0,0,0,0,0,0,0,0,0,0,0,0,0,0,0,0,0
85,1,0,0,0,0,0,0,0,0,0,0,0,0,0,0,0,0,0
86,1,0,0,1,0,0,0,0,0,0,0,0,1,0,0,0,0,0
87,0,0,0,0,0,0,0,0,0,0,0,0,0,0,0,0,0,0
88,1,0,0,0,0,0,0,0,0,0,0,0,0,0,0,0,0,0
89,0,0,0,0,0,0,0,0,0,0,0,0,0,0,0,0,0,0
90,1,0,0,1,0,0,0,0,0,0,0,0,0,0,0,0,0,0
91,1,0,1,0,0,0,0,0,0,1,0,0,0,0,0,0,0,0
92,0,0,0,0,0,0,0,0,0,0,0,0,0,0,0,0,0,0
93,1,1,0,0,0,0,0,0,1,0,0,0,0,0,0,0,0,0
94,0,0,0,1,0,1,0,0,0,0,0,0,0,0,0,0,0,0
95,1,0,0,0,0,0,0,0,0,0,0,0,0,0,0,0,0,0
96,0,0,0,0,0,0,0,0,0,0,0,0,0,0,0,0,0,0
97,1,0,1,1,0,0,0,0,0,0,0,0,0,0,0,0,0,0
98,0,0,0,1,0,0,0,0,0,0,0,0,0,0,0,0,0,0
99,0,0,0,1,0,0,0,0,0,0,0,0,0,0,0,0,0,0
100,1,0,0,0,1,0,0,0,0,0,0,0,0,0,0,0,0,0
101,1,0,0,1,0,0,0,0,1,0,0,0,0,0,0,0,0,0
102,1,0,1,0,0,0,0,0,0,0,0,0,0,0,0,0,0,0
103,1,0,0,0,0,0,0,0,0,0,0,0,0,0,0,0,0,0
104,1,0,0,0,0,0,0,0,0,1,0,0,0,0,0,0,0,0
105,0,0,0,0,0,0,0,0,0,0,0,0,0,0,0,0,0,0
106,1,0,0,0,0,0,0,0,0,0,0,0,0,0,0,0,0,0
107,1,0,0,1,0,0,0,0,0,0,0,0,0,0,0,0,0,0
108,1,0,0,0,1,0,0,0,0,1,0,0,0,0,0,0,0,0
109,0,0,1,0,0,0,0,0,0,0,0,0,0,0,0,0,0,0
110,0,0,0,0,0,0,0,0,0,0,0,0,0,0,0,0,0,0
111,0,0,0,0,0,0,0,0,0,0,0,0,0,0,0,0,0,0
112,0,0,0,1,0,0,0,0,0,0,0,0,0,0,0,0,0,0
113,0,0,0,1,0,0,0,0,0,0,0,0,0,0,0,0,0,0
114,1,0,1,0,0,0,0,0,0,0,0,0,0,0,0,0,0,0
115,0,0,0,0,0,0,0,0,0,1,0,0,0,0,0,0,0,0
116,0,0,0,0,0,0,0,0,0,0,0,0,0,0,0,0,0,0
117,0,0,0,1,0,1,0,1,0,0,0,0,0,0,0,0,0,0
118,0,0,0,0,0,0,0,0,0,0,0,0,0,0,0,0,0,0
119,0,0,0,0,0,0,0,0,0,0,0,0,0,0,0,0,0,0
120,1,1,0,0,0,0,0,0,0,1,0,0,0,0,0,0,0,0
121,0,0,0,1,0,0,0,0,0,0,0,0,0,0,0,0,0,0
122,1,0,0,1,0,0,0,0,0,0,0,0,0,0,0,0,0,0
123,1,0,0,1,0,0,0,0,0,0,0,0,0,0,0,0,0,0
124,0,0,0,1,0,0,0,0,0,0,0,0,0,0,0,0,0,0
125,0,0,0,0,0,0,0,0,0,0,0,0,0,0,0,0,0,0
126,1,0,0,1,0,0,0,0,1,0,0,0,0,0,0,0,0,0
127,0,0,0,0,0,0,0,0,0,0,0,0,0,0,0,0,0,0
128,0,0,0,0,0,0,0,0,0,0,0,0,0,0,0,0,0,0
129,0,0,0,0,0,0,0,0,0,0,0,1,0,0,0,0,0,0
130,1,0,1,0,0,0,0,0,0,1,0,0,0,0,0,0,0,0
131,1,0,0,1,0,0,1,0,0,0,0,0,0,0,0,0,0,0
132,1,1,0,0,0,0,0,0,0,0,0,0,0,0,0,0,0,0
133,1,0,1,0,0,0,0,0,0,0,0,0,0,0,0,0,0,0
134,0,0,0,0,0,0,0,0,0,0,0,0,0,0,0,0,0,0
135,1,0,0,1,0,0,0,0,0,0,0,0,0,0,0,0,0,0
136,1,1,0,1,0,0,0,0,0,0,0,0,0,0,0,0,0,0
137,0,0,0,1,0,0,1,0,0,0,0,0,0,0,0,0,0,0
138,1,1,0,0,0,0,1,0,0,0,0,0,0,0,0,0,0,0
139,1,0,1,0,0,0,1,0,0,0,0,0,0,0,0,0,0,0
140,1,0,0,1,0,0,0,0,0,0,0,0,0,0,0,0,0,0
141,1,0,0,1,0,0,0,0,0,0,0,0,0,0,0,0,0,0
142,1,1,0,0,0,0,0,0,0,0,0,0,0,0,0,0,0,0
143,0,0,0,1,0,1,1,0,0,0,0,0,0,0,0,0,0,0
144,0,1,0,0,1,1,0,0,0,0,0,0,0,0,0,0,0,0
145,1,0,0,0,0,0,0,0,0,0,0,0,0,0,1,0,0,0
146,1,0,1,0,0,0,0,0,0,0,0,1,0,0,0,0,0,0
147,0,1,0,0,0,0,0,0,0,0,0,0,0,0,0,0,0,0
148,1,0,0,1,0,0,0,0,0,0,0,0,0,0,0,0,0,0
149,0,0,0,0,0,0,0,0,0,0,0,0,0,0,0,0,0,0
150,1,0,0,0,0,0,0,0,0,0,0,0,0,0,0,0,0,0
151,0,0,0,1,0,0,0,0,0,0,0,0,0,0,0,0,0,0
152,1,0,0,0,1,0,0,0,0,0,0,0,0,0,0,0,0,0
153,1,0,0,0,0,1,0,0,0,1,0,0,0,0,0,0,0,0
154,0,0,0,0,0,0,0,0,0,0,0,0,0,0,0,0,0,0
155,1,0,0,0,0,1,0,0,0,1,0,0,0,0,0,0,0,0
156,0,0,0,0,0,0,0,0,0,0,0,0,0,0,0,0,0,0
157,1,0,0,1,0,0,0,0,0,0,0,0,0,0,0,0,0,0
158,1,0,0,0,0,0,0,0,0,0,0,0,0,0,0,0,0,0
159,0,0,0,0,0,0,0,0,0,0,0,0,0,0,0,0,0,0
160,1,0,0,1,0,0,0,0,0,0,0,0,0,0,0,0,0,0
161,1,0,0,0,0,0,0,0,0,0,0,0,0,0,0,0,0,0
162,1,0,0,0,0,0,0,0,0,0,0,0,0,0,0,0,0,0
163,0,0,1,0,0,0,0,0,0,0,0,0,0,0,0,0,0,0
164,1,0,0,1,0,0,0,0,0,0,0,0,0,0,0,0,0,0
165,1,1,0,0,0,0,0,0,0,0,0,0,0,0,0,0,0,0
166,1,0,0,0,0,0,0,0,0,0,0,0,0,0,0,0,0,0
167,0,0,0,0,0,0,0,0,0,0,0,0,0,0,0,0,0,0
168,1,0,0,1,0,0,1,0,0,0,0,0,0,0,0,0,0,0
169,0,0,0,0,0,0,0,0,0,0,0,0,0,0,0,0,0,0
170,1,0,0,0,0,0,0,0,0,0,0,0,0,0,0,0,0,0
171,0,0,0,1,0,0,0,0,0,0,0,0,0,0,0,0,0,0
172,0,1,0,0,0,0,0,0,0,0,0,0,0,1,0,0,0,0
173,0,0,0,1,0,0,0,0,0,0,0,0,0,0,0,0,0,0
174,1,0,0,1,0,0,1,0,0,0,0,0,0,0,0,0,0,0
175,1,0,0,0,0,0,0,0,0,0,0,0,0,0,0,0,0,0
176,1,0,0,1,0,0,0,0,0,0,0,0,0,0,0,0,0,0
177,1,0,0,1,0,0,0,0,0,0,0,0,0,0,0,0,0,0
178,1,0,0,0,0,0,0,0,0,0,0,0,0,0,0,0,0,0
179,0,1,1,1,0,0,0,0,0,0,0,0,0,0,0,0,0,0
180,0,0,0,0,0,0,0,0,0,0,0,0,0,0,0,0,0,0
181,0,0,0,0,0,0,0,0,0,0,0,0,0,0,0,0,0,0
182,1,0,0,0,1,0,1,0,0,0,0,0,0,0,0,0,0,0
183,0,0,0,1,0,0,0,0,1,0,0,0,0,0,0,0,0,0
184,0,0,0,1,0,0,0,0,0,0,0,0,0,0,0,0,0,0
185,0,0,0,0,0,0,0,0,0,0,0,0,0,0,0,0,0,0
186,1,0,0,1,0,0,0,0,0,0,0,0,0,0,0,0,0,0
187,0,0,0,0,0,0,0,0,0,1,0,0,0,0,0,0,0,0
188,1,1,0,1,1,0,0,0,0,0,0,0,0,0,0,0,0,0
189,0,0,0,0,0,0,0,0,0,0,0,0,0,0,0,0,0,0
190,1,1,0,0,0,0,0,0,0,0,0,0,0,0,0,0,0,0
191,0,0,0,0,0,0,0,0,0,0,0,0,0,0,0,0,0,0
192,0,0,0,0,0,0,0,0,0,0,0,0,0,0,0,0,0,0
193,0,0,0,0,0,0,0,0,0,0,0,0,0,0,0,0,0,0
194,1,0,0,0,0,0,0,0,0,0,0,0,0,0,0,0,0,0
195,1,0,0,1,1,0,0,0,0,0,0,0,0,0,0,0,0,0
196,1,0,1,0,0,0,0,0,0,0,0,0,0,1,0,0,0,0
197,1,0,0,1,0,0,0,0,0,0,0,0,0,0,0,0,0,0
198,1,0,0,0,0,0,0,0,0,0,0,0,0,0,0,0,0,0
199,1,1,0,0,0,0,0,0,1,0,0,0,0,0,0,0,0,0
200,0,0,0,0,0,0,0,0,0,0,0,0,0,0,0,0,0,0
201,0,0,0,0,0,0,0,0,0,0,0,0,0,0,0,0,0,0
202,1,0,0,0,0,0,0,0,0,0,0,0,0,0,0,0,0,0
203,0,0,0,0,0,0,0,0,0,0,0,0,0,0,0,0,0,0
204,1,0,0,0,0,0,0,0,0,0,1,1,0,0,0,0,0,0
205,1,0,0,0,0,0,0,0,0,0,0,0,0,1,0,0,0,0
206,1,0,0,1,0,0,0,0,0,0,1,0,0,0,0,0,0,0
207,1,0,0,1,0,0,0,0,0,0,0,0,0,0,0,0,0,0
208,0,0,0,0,0,0,0,0,0,0,0,0,0,0,0,0,0,0
209,1,0,0,1,1,0,0,0,0,0,0,0,0,0,0,0,0,0
210,1,0,0,0,0,0,0,0,0,0,0,0,0,0,0,0,0,0
211,1,1,0,0,0,0,0,0,0,0,1,1,0,0,0,0,0,0
212,0,0,0,0,0,0,0,0,0,0,0,0,0,0,0,0,0,0
213,1,0,0,0,0,0,0,0,0,0,0,1,0,0,0,0,0,0
214,0,0,1,1,0,0,0,0,0,0,0,0,0,0,0,0,0,0
215,1,0,1,0,0,0,0,0,0,0,0,0,0,0,0,0,0,0
216,1,0,0,1,0,0,0,0,0,0,0,0,0,0,0,0,0,0
217,0,0,0,0,0,0,1,0,0,0,0,0,0,0,0,0,0,0
218,0,0,0,1,0,0,0,0,0,0,0,0,0,0,0,0,0,0
219,1,0,0,0,0,0,0,0,1,0,0,0,0,0,0,0,0,0
220,0,0,0,0,0,0,0,0,0,0,0,0,0,0,0,0,0,0
221,1,0,0,1,0,0,0,0,0,0,0,0,0,0,0,0,0,0
222,1,0,0,1,0,0,0,0,0,0,0,0,0,0,0,0,0,0
223,1,0,0,0,0,0,0,0,0,0,0,0,0,0,0,0,0,0
224,1,0,0,1,0,0,0,0,0,0,0,0,0,0,0,0,0,0
225,0,0,0,0,0,0,0,0,0,0,0,0,0,0,0,0,0,0
226,0,0,0,1,0,0,0,0,0,0,0,0,0,0,0,0,0,0
227,0,0,0,1,0,0,0,0,0,0,0,0,0,0,0,0,0,0
228,1,0,0,0,0,0,0,0,1,0,0,0,0,0,0,0,0,0
229,1,0,1,0,0,0,0,0,0,0,0,0,0,0,0,0,0,0
230,0,0,0,0,0,0,0,0,0,0,0,0,0,0,0,0,0,0
231,1,0,0,0,0,0,0,0,0,0,0,0,0,0,0,0,0,0
232,1,0,0,0,0,0,0,0,1,0,0,0,0,0,0,0,0,0
233,0,0,0,0,0,0,0,0,0,0,0,0,0,0,0,0,0,0
234,0,0,0,0,0,0,0,0,0,0,0,0,0,0,0,1,0,0
235,0,0,0,0,0,0,0,0,0,0,0,0,0,0,0,0,0,0
236,1,0,0,1,0,0,0,0,1,0,0,0,0,0,0,0,0,0
237,0,0,0,0,0,0,0,0,0,0,0,0,0,0,0,0,0,0
238,1,0,0,0,0,0,0,0,0,0,0,0,0,0,0,0,0,0
239,1,0,1,1,0,0,0,0,0,0,0,0,0,0,0,0,0,0
240,1,1,0,0,0,0,0,0,0,0,0,0,0,0,0,0,0,0
241,1,0,0,1,0,0,0,0,0,1,0,0,0,0,0,0,0,0
242,1,0,0,1,0,0,0,0,0,0,0,0,0,0,0,0,0,0
243,1,1,0,0,0,0,0,0,0,0,0,0,0,0,0,0,0,0
244,1,0,0,1,0,0,0,0,0,0,0,0,0,0,0,0,0,0
245,1,0,0,0,0,0,0,0,1,1,0,0,0,0,0,0,0,0
246,0,0,0,0,0,0,0,0,0,0,0,0,0,0,0,0,0,0
247,1,0,0,0,0,0,0,0,0,0,0,0,0,0,0,0,0,0
248,1,0,0,0,0,0,0,0,0,0,0,0,0,0,0,0,0,0
249,1,0,0,1,0,0,0,0,0,0,0,0,0,0,0,0,0,0
250,0,0,0,0,0,1,0,0,0,0,0,0,0,0,0,0,0,0
251,0,0,0,0,0,0,0,0,0,0,0,0,0,0,0,0,0,0
252,1,0,0,1,0,0,0,0,0,0,0,0,0,0,0,0,1,0
253,1,0,0,0,0,0,0,0,0,0,0,0,0,0,0,0,0,0
254,1,0,0,1,1,0,0,0,0,0,0,0,0,0,0,0,0,0
255,1,0,0,1,0,0,0,0,0,0,0,0,0,0,0,0,0,0
256,1,0,0,0,0,0,0,0,1,0,0,0,0,1,0,0,0,0
257,1,0,0,1,0,0,0,0,0,0,0,0,0,0,0,0,0,0
258,1,0,0,1,0,0,0,0,0,0,0,0,0,0,0,0,0,0
259,1,0,0,0,0,0,0,0,0,0,0,0,0,0,0,0,0,0
260,1,0,0,0,0,0,0,0,0,0,0,0,0,0,0,0,1,0
261,0,0,0,0,0,0,0,0,0,0,0,0,0,0,0,0,0,0
262,0,0,0,0,0,0,0,0,0,0,0,0,0,0,0,0,0,0
263,0,0,0,0,0,0,0,0,0,0,0,0,0,0,0,0,0,0
264,0,0,0,0,0,0,0,0,0,0,0,0,0,0,0,0,0,0
265,1,0,1,1,0,0,1,0,0,0,0,0,0,0,0,0,0,0
266,0,0,0,1,0,0,0,0,0,0,0,0,0,0,0,0,0,0
267,1,0,0,0,0,0,0,0,0,0,0,0,0,0,0,0,0,0
268,0,0,0,1,0,0,0,0,0,0,0,0,0,0,0,0,0,0
269,0,0,0,0,0,0,0,0,0,0,0,0,0,0,0,0,0,0
270,1,0,0,1,0,0,0,0,0,1,0,0,0,0,0,0,0,0
271,0,0,1,0,0,0,0,0,1,0,0,0,0,0,0,0,0,0
272,0,0,1,1,0,0,0,0,0,0,0,0,0,0,0,0,0,0
273,0,0,0,1,1,0,0,0,0,0,0,0,0,0,0,0,0,0
274,1,0,0,0,0,0,0,0,0,0,0,0,0,0,0,0,0,0
275,0,0,0,1,0,0,0,0,0,0,0,0,0,0,0,0,0,0
276,0,0,0,1,0,0,0,0,0,0,0,0,0,0,0,0,0,0
277,1,0,0,1,0,0,0,0,0,0,0,0,0,0,0,0,0,0
278,0,1,0,0,0,0,0,0,0,0,0,0,0,0,0,0,0,0
279,1,0,0,0,0,0,0,0,0,0,0,0,0,0,0,0,0,0
280,1,0,0,0,0,0,0,0,0,0,0,0,0,0,0,0,0,0
281,1,1,0,0,0,0,0,0,1,0,0,0,0,0,0,0,0,0
282,0,0,0,1,0,0,0,0,0,0,0,0,0,0,0,0,0,0
283,0,0,0,0,0,0,0,0,0,0,0,0,0,0,0,0,0,0
284,0,0,0,1,0,0,0,0,0,0,0,0,0,0,0,0,0,0
285,0,0,0,0,1,0,0,0,0,0,0,0,0,0,0,0,0,0
286,1,1,0,0,0,0,0,0,0,0,0,0,0,0,0,0,0,0
287,1,0,0,1,0,0,0,0,0,0,0,0,0,0,0,0,0,0
288,0,0,0,0,0,0,0,0,0,0,0,0,0,0,0,0,0,0
289,1,0,0,1,0,0,0,0,0,0,0,0,0,0,0,0,0,0
290,1,0,0,0,0,0,0,0,0,0,0,0,0,0,0,0,0,0
291,1,0,0,1,0,0,1,0,0,0,0,0,0,0,0,0,0,0
292,0,0,0,0,0,0,0,0,0,0,0,0,0,0,0,0,0,0
293,1,0,0,0,0,0,0,0,0,0,0,0,0,0,0,0,0,0
294,1,0,0,0,0,0,0,0,0,0,0,0,0,0,0,0,0,0
295,1,0,0,0,0,0,0,0,0,0,0,0,0,0,0,0,0,0
296,0,0,0,0,0,0,0,0,0,0,0,0,0,0,0,0,0,0
297,0,0,0,1,0,0,0,0,0,0,0,0,0,0,0,0,0,0
298,1,0,0,1,0,0,0,0,0,0,0,0,0,0,0,0,0,0
299,0,0,0,1,0,0,0,0,0,0,0,0,0,0,0,0,0,0
300,0,0,0,1,0,0,0,0,0,0,0,0,0,0,0,0,0,0
301,1,1,0,0,0,0,0,0,0,0,0,0,0,0,0,0,0,0
302,1,0,1,0,0,0,0,0,1,0,0,0,0,0,0,0,0,0
303,1,0,0,0,0,0,1,0,0,0,0,0,0,1,0,0,0,0
304,0,0,0,0,0,0,0,0,0,0,0,0,0,0,0,0,0,0
305,1,0,0,1,0,0,0,0,0,0,0,0,0,0,0,0,0,0
306,0,0,0,0,0,0,0,0,0,0,0,0,0,0,0,0,0,0
307,1,0,0,0,0,0,0,0,1,0,0,0,0,0,0,0,0,0
308,1,0,0,0,0,0,0,0,0,0,0,0,0,0,0,0,0,0
309,1,0,0,0,0,0,0,0,0,1,0,0,0,0,0,0,0,0
310,0,0,0,0,0,0,0,0,0,0,0,0,0,0,0,0,0,0
311,1,0,0,1,0,0,0,0,0,0,0,0,0,0,0,0,0,0
312,1,0,0,1,0,0,0,0,0,0,0,0,0,0,0,0,0,0
313,1,0,0,0,1,0,0,1,0,0,0,1,0,0,0,0,0,0
314,1,0,0,0,0,0,0,0,0,0,0,0,0,0,0,0,0,0
315,0,0,0,0,0,0,0,0,0,0,0,0,0,0,0,0,0,0
316,1,0,0,0,0,0,0,0,0,0,0,0,0,0,0,0,0,0
317,0,0,0,0,0,0,0,0,0,0,0,0,0,0,0,0,0,0
318,0,0,0,1,0,0,0,0,0,0,0,0,0,0,0,0,0,0
319,1,0,0,1,0,0,0,0,0,0,0,0,0,0,0,0,0,0
320,0,0,0,0,0,0,0,0,0,1,0,0,0,0,0,0,0,0
321,0,0,0,0,1,0,1,0,0,0,0,0,0,0,0,0,0,0
322,0,0,1,1,0,0,1,0,0,0,0,0,0,0,0,0,0,0
323,1,0,0,0,0,0,0,0,0,0,0,0,0,0,0,0,0,0
324,1,0,0,1,0,0,0,0,0,0,0,0,0,0,0,0,0,0
325,1,0,1,1,0,0,0,0,0,0,0,0,0,0,0,0,0,0
326,0,0,0,0,0,0,0,0,1,0,0,0,0,0,0,0,0,0
327,1,0,1,0,0,1,0,0,0,0,0,0,0,0,0,0,0,0
328,1,0,0,1,0,0,0,0,0,0,0,0,0,0,0,0,0,0
329,1,0,0,0,1,0,0,0,0,0,0,0,0,0,0,0,0,0
330,0,1,0,1,0,0,0,0,0,0,0,0,0,0,0,0,0,0
331,0,0,0,0,0,0,0,0,0,0,0,0,0,0,0,0,0,0
332,1,0,0,1,0,0,0,0,0,0,0,0,0,0,0,0,0,0
333,0,0,0,0,0,0,0,0,0,0,0,0,0,0,0,0,0,0
334,0,0,0,0,0,0,0,0,0,0,0,0,0,0,0,0,0,0
335,0,0,0,1,0,0,0,0,0,0,0,0,0,0,0,0,0,0
336,0,0,0,1,0,0,0,0,0,0,0,0,0,0,0,0,0,0
337,1,0,0,0,0,1,0,0,0,0,0,0,0,1,0,0,0,0
338,0,0,0,0,0,0,0,0,0,0,0,0,0,0,0,0,0,0
339,0,0,0,0,0,0,0,0,0,0,0,0,0,0,0,0,0,0
340,1,0,0,0,0,0,0,0,0,0,0,0,0,0,0,0,0,0
341,1,0,0,1,0,0,1,0,0,0,0,0,0,0,0,0,0,0
342,1,1,0,0,0,0,0,0,0,1,0,0,0,0,0,0,0,0
343,0,0,1,1,0,1,0,0,0,0,0,0,0,0,0,0,0,0
344,1,1,0,0,0,0,0,0,0,1,0,0,0,0,0,0,0,0
345,1,0,1,0,0,0,0,0,0,0,0,0,0,0,0,0,0,0
346,1,0,0,0,0,0,0,0,0,0,0,0,0,0,0,0,0,0
347,0,0,0,0,0,0,0,0,0,0,0,0,0,0,0,0,0,0
348,0,0,0,0,0,0,0,0,0,0,0,0,0,0,0,0,0,0
349,1,0,0,1,0,0,0,0,0,0,0,0,0,0,0,0,0,0
350,0,0,0,0,0,0,0,0,0,0,0,0,0,0,0,0,0,0
351,0,0,0,1,0,0,1,0,0,0,0,0,0,0,0,0,0,0
352,0,0,0,0,0,0,0,0,0,0,0,0,0,0,0,0,0,0
353,0,0,0,0,0,0,0,0,0,0,0,0,0,0,0,0,0,0
354,1,0,0,0,0,0,0,0,0,0,0,0,0,0,0,0,0,0
355,1,0,0,0,0,0,0,0,1,0,0,0,0,0,0,0,0,0
356,1,0,0,1,0,0,0,0,0,0,0,0,0,0,0,0,0,0
357,1,0,0,0,0,0,0,0,0,0,0,0,0,0,0,0,0,0
358,0,0,0,0,0,0,0,0,0,0,0,0,0,0,0,0,0,0
359,1,0,0,0,0,0,1,0,0,0,0,0,0,1,0,0,0,0
360,1,0,0,0,0,0,0,0,0,0,0,0,0,0,0,0,0,0
361,1,1,0,0,0,0,0,0,0,0,0,0,0,0,0,0,0,0
362,1,0,0,1,0,0,0,1,0,0,0,0,0,0,0,0,0,0
363,1,0,0,1,0,0,0,0,0,0,0,0,0,0,0,0,0,0
364,0,0,0,0,0,0,0,0,0,0,0,0,0,0,0,0,0,0
365,1,1,0,1,0,0,0,0,0,0,0,0,0,0,0,0,0,0
366,1,0,0,1,0,0,0,0,0,0,0,0,0,0,0,0,0,0
367,1,0,0,1,0,0,1,0,0,0,0,0,0,0,0,0,0,0
368,0,0,0,0,0,0,0,0,0,0,0,0,0,0,0,0,0,0
369,1,0,0,0,0,0,0,0,0,1,0,0,0,0,0,0,0,0
370,1,0,0,1,0,0,0,0,0,0,0,0,0,0,0,0,0,0
371,0,0,0,0,0,0,0,0,0,0,0,0,0,0,0,0,0,0
372,0,0,0,0,0,0,0,0,0,0,0,0,0,0,0,0,0,0
373,0,0,0,1,0,0,0,0,0,0,0,0,0,0,0,0,0,0
374,0,0,0,0,0,0,0,0,0,0,0,0,0,0,0,0,0,0
375,0,0,0,1,0,0,0,0,0,0,0,0,0,0,0,0,0,0
376,0,0,0,0,0,0,0,0,0,0,0,0,0,0,0,0,0,0
377,0,0,0,1,1,0,0,0,0,1,0,0,0,0,0,0,0,0
378,1,0,1,0,0,0,0,0,0,0,0,0,0,0,0,0,0,0
379,0,0,0,1,0,0,0,0,0,0,0,0,0,0,0,0,0,0
380,0,0,0,1,0,0,0,0,0,0,0,0,0,0,0,0,0,0
381,1,0,0,0,0,0,0,0,0,0,0,0,0,0,0,0,0,0
382,1,0,0,0,0,0,0,0,0,0,0,0,0,0,0,0,0,0
383,1,0,0,0,0,0,0,0,0,0,0,0,0,1,0,0,0,0
384,1,1,0,0,0,0,0,0,0,0,0,0,0,0,0,0,0,0
385,0,0,0,0,0,0,0,0,0,0,0,0,0,0,0,0,0,0
386,1,0,0,0,0,0,0,0,0,0,0,0,0,0,0,0,0,0
387,0,0,0,0,0,0,0,0,0,0,0,0,0,0,0,0,0,0
388,0,0,0,0,0,0,0,0,0,0,0,0,0,0,0,0,0,0
389,1,0,0,0,0,0,1,0,0,0,0,0,0,0,0,0,0,0
390,1,0,0,1,0,0,0,0,0,0,1,0,0,0,0,0,0,0
391,1,0,0,1,0,0,0,0,0,0,0,0,0,0,0,0,0,0
392,0,0,0,0,0,0,0,0,0,1,0,0,0,0,0,0,0,0
393,0,0,0,0,1,1,0,0,0,0,0,0,0,0,0,0,0,0
394,0,0,0,1,0,0,0,0,0,0,0,0,0,0,0,0,0,0
395,1,1,0,1,0,0,0,0,0,0,0,0,0,0,0,0,0,0
396,0,0,0,0,0,0,0,0,0,0,0,0,0,0,0,0,0,0
397,0,0,0,1,0,0,0,0,0,0,0,0,0,0,0,0,0,0
398,0,0,0,0,0,0,1,0,0,0,0,0,0,0,0,0,0,0
399,1,0,0,0,0,0,0,0,0,1,0,0,0,0,0,0,0,0
400,1,0,0,1,0,0,0,0,0,0,0,0,0,0,0,0,0,0
401,0,0,1,1,0,0,0,0,0,0,0,0,0,0,0,0,0,0
402,1,0,0,0,0,0,0,0,0,0,1,0,0,0,0,0,0,0
403,0,0,0,0,0,0,0,0,0,0,0,0,0,0,0,0,0,0
404,0,0,0,0,0,0,0,0,0,0,0,0,0,0,0,0,0,0
405,1,0,0,0,1,0,0,0,0,0,0,0,0,0,0,0,0,0
406,1,0,0,0,0,1,0,1,0,0,0,0,0,0,0,0,0,0
407,0,0,0,0,0,0,0,0,0,0,0,0,0,0,0,0,0,0
408,0,0,0,0,0,0,0,0,0,0,0,0,0,0,0,0,0,0
409,1,0,0,0,0,1,0,0,0,0,0,0,0,0,0,0,0,0
410,0,0,0,0,0,0,0,0,0,0,0,0,0,0,0,0,0,0
411,0,0,0,0,0,0,0,0,0,0,0,0,0,0,0,0,0,0
412,1,0,0,1,0,0,0,0,0,0,0,0,0,0,0,0,0,0
413,0,0,0,0,0,0,0,0,0,0,0,0,0,0,0,0,0,0
414,0,0,0,0,0,0,0,0,0,0,0,0,0,0,0,0,0,0
415,1,0,0,1,0,0,0,0,1,0,0,0,0,0,0,0,0,0
416,1,0,0,0,0,0,0,0,0,0,0,0,0,0,0,0,0,0
417,1,1,0,0,1,0,1,0,0,0,0,0,0,0,0,0,0,0
418,1,0,0,0,0,0,0,0,0,0,0,0,0,0,0,0,0,0
419,1,0,0,0,0,0,0,0,0,0,0,0,0,0,0,0,0,0
420,0,0,0,1,0,0,0,0,1,0,0,0,0,0,0,0,0,0
421,1,0,1,1,0,0,0,0,0,0,0,0,0,0,0,0,0,0
422,0,0,0,0,0,0,0,0,0,0,0,0,0,0,0,0,0,0
423,1,0,0,0,1,0,1,0,0,0,0,0,0,0,0,0,0,0
424,1,0,0,1,0,0,0,0,0,0,0,0,0,0,0,0,0,0
425,0,0,0,0,0,0,0,0,0,0,0,0,0,0,0,0,0,0
426,0,0,0,0,0,0,0,0,0,0,0,0,0,0,0,0,0,0
427,0,0,0,1,0,0,0,0,0,0,0,0,0,0,0,0,0,0
428,1,0,0,1,0,1,0,0,0,0,0,0,0,0,0,0,0,0
429,0,0,0,0,0,0,0,0,0,0,0,0,0,0,0,0,0,0
430,1,0,0,0,0,0,0,0,0,0,0,0,0,0,0,0,0,0
431,0,0,0,0,0,0,0,0,0,0,0,0,0,0,0,0,0,0
432,0,0,0,0,0,0,0,0,0,0,0,0,0,0,0,0,0,0
433,0,0,0,1,0,0,0,0,0,0,0,0,0,0,0,0,0,0
434,1,0,0,0,0,0,0,0,0,0,0,0,0,0,0,0,0,0
435,0,0,0,0,0,0,0,0,0,0,0,0,0,0,0,0,0,0
436,0,0,0,0,0,0,0,0,0,0,0,0,0,0,0,0,0,0
437,0,0,1,0,0,0,0,0,0,0,0,0,0,0,0,0,0,0
438,0,0,0,1,0,0,0,0,0,0,0,0,0,0,0,0,0,0
439,1,0,0,0,0,0,0,0,0,1,0,0,0,0,0,0,0,0
440,0,1,0,1,0,0,0,0,0,0,0,0,0,0,0,0,0,0
441,1,0,0,0,0,0,0,0,0,0,0,0,0,1,0,0,0,0
442,1,0,0,0,0,0,0,0,0,0,0,0,0,0,0,0,0,0
443,1,0,0,1,0,0,0,0,0,0,0,0,0,0,0,0,0,0
444,1,0,0,1,0,0,0,0,0,0,0,0,0,0,0,0,0,0
445,0,0,0,0,1,0,0,0,0,0,0,0,0,0,0,0,0,0
446,0,0,1,1,0,0,0,0,0,0,0,0,0,0,0,0,0,0
447,1,0,0,0,0,0,0,0,0,0,0,0,0,0,0,0,0,0
448,0,0,0,1,0,0,0,0,0,0,0,0,0,0,0,0,0,0
449,1,1,0,1,0,0,0,0,0,1,0,0,0,0,0,0,0,0
450,0,0,0,1,0,0,0,0,0,0,0,0,0,0,0,0,0,0
451,0,0,0,0,0,0,0,0,0,0,0,0,0,0,0,0,0,0
452,1,0,0,0,0,0,0,0,0,0,0,0,0,0,0,0,0,0
453,0,0,0,0,0,0,0,0,0,0,0,0,0,0,0,0,0,0
454,1,1,0,1,0,0,0,0,0,0,0,0,0,0,0,0,0,0
455,1,0,0,0,0,0,0,0,0,0,0,0,0,0,0,0,0,0
456,0,0,0,0,0,0,0,0,0,0,0,0,0,0,0,0,0,0
457,0,0,0,0,0,0,0,0,0,0,0,0,0,0,0,0,0,0
458,1,1,0,1,0,0,0,0,0,0,0,0,0,0,0,0,0,0
459,1,0,0,1,0,0,0,0,0,0,0,0,0,0,0,0,0,0
460,0,0,0,0,0,0,0,0,0,0,0,0,0,0,0,0,0,0
461,1,0,0,1,1,0,0,0,0,0,0,0,0,0,0,0,0,0
462,1,0,0,0,1,0,0,0,0,1,0,0,0,0,0,0,0,0
463,1,0,0,0,0,0,0,0,0,0,0,0,0,0,0,0,0,0
464,1,1,0,0,1,0,0,0,0,0,0,0,0,0,0,0,0,0
465,0,0,0,0,0,0,0,0,0,0,0,0,0,0,0,0,0,0
466,1,0,0,1,0,0,0,0,0,1,0,0,0,0,0,0,0,0
467,1,0,0,1,1,0,0,0,0,0,0,0,0,0,0,0,0,0
468,1,0,0,0,0,0,0,0,0,0,0,0,0,0,0,0,0,0
469,1,0,1,1,0,0,0,0,0,0,0,0,0,0,0,0,0,0
470,0,0,0,0,0,0,0,0,0,0,0,0,0,0,0,0,0,0
471,1,0,0,0,0,0,0,0,0,0,0,0,0,0,0,0,0,0
472,1,0,0,1,0,0,0,0,0,0,0,0,0,0,0,0,0,0
473,0,0,0,1,0,0,0,0,0,0,0,0,0,0,0,0,0,0
474,1,0,0,0,0,0,0,0,0,0,0,0,0,0,0,0,0,0
475,1,0,0,0,0,0,0,0,0,0,0,0,0,0,0,0,0,0
476,0,0,1,1,0,0,0,0,0,0,0,0,0,0,0,0,0,0
477,1,0,0,0,0,0,0,0,0,0,0,0,0,0,0,0,0,0
478,1,0,0,0,0,0,0,0,0,0,0,0,0,0,0,0,0,0
479,0,0,1,1,0,0,0,0,0,0,0,0,0,0,0,0,0,0
480,1,1,0,0,0,0,0,0,0,0,0,0,0,0,0,0,0,0
481,0,0,0,1,0,0,0,0,0,0,0,0,0,0,0,0,0,0
482,1,0,0,0,0,0,0,0,0,0,0,0,0,0,0,0,0,0
483,1,0,0,1,0,0,0,0,0,0,0,0,0,0,0,0,0,0
484,0,0,0,0,0,0,0,0,0,0,0,0,0,0,0,0,0,0
485,0,0,0,0,0,0,0,0,0,0,0,0,0,0,0,0,0,0
486,0,0,0,0,0,0,0,0,0,0,0,0,0,0,0,0,0,0
487,0,0,0,0,0,0,0,0,0,0,0,0,0,0,0,0,0,0
488,0,0,0,0,0,0,0,0,0,0,0,0,0,0,0,0,0,0
489,0,0,0,0,0,0,0,0,0,0,0,0,0,1,0,0,0,0
490,1,0,0,0,0,0,0,0,0,0,0,0,0,0,0,0,0,0
491,1,1,0,0,0,0,0,0,0,0,0,0,0,0,0,0,0,0
492,1,0,0,0,0,0,0,0,0,0,0,0,0,0,0,0,0,0
493,0,0,0,1,0,0,0,0,0,0,0,0,0,0,0,0,0,0
494,1,0,0,0,0,0,0,0,0,0,0,0,0,0,0,0,0,0
495,1,0,0,1,0,0,0,0,0,0,0,0,0,0,0,0,0,0
496,1,0,0,1,0,0,0,0,0,0,0,0,0,0,0,0,0,0
497,0,0,0,0,0,0,0,0,0,0,0,0,0,0,0,0,0,0
498,1,0,0,0,0,0,0,0,0,0,0,0,0,0,0,0,0,0
499,1,1,0,0,1,0,0,0,0,0,0,0,0,0,0,0,0,0
500,1,0,1,1,0,0,0,0,0,0,0,0,0,0,0,0,0,0
501,1,0,0,0,0,0,0,0,0,0,0,0,0,0,0,0,0,0
502,1,0,0,0,0,0,0,0,0,0,0,0,0,0,0,0,0,0
503,1,0,0,1,0,0,0,0,0,0,0,0,0,0,0,0,0,0
504,1,0,1,0,0,0,0,0,0,0,0,0,0,0,0,0,0,0
505,1,0,1,0,1,0,0,0,0,0,0,0,0,0,0,0,0,0
506,1,0,0,0,0,0,0,0,0,0,0,0,0,0,0,0,0,0
507,1,0,0,1,0,0,0,0,0,0,0,0,0,0,0,0,0,0
508,1,0,0,1,0,0,0,0,0,0,0,0,0,0,0,0,0,0
509,1,0,0,0,0,0,0,0,0,0,0,0,0,0,0,0,0,0
510,1,0,0,0,0,0,0,0,0,0,0,0,0,0,0,0,0,0
511,1,0,1,0,0,0,0,0,0,0,0,0,0,0,0,0,0,0
512,0,0,0,0,0,0,0,0,0,0,0,0,0,0,0,0,0,0
513,1,0,0,0,0,0,0,0,0,0,0,0,0,0,0,0,0,0
514,1,0,1,0,0,0,1,0,0,0,0,0,0,0,0,0,0,0
515,1,0,1,1,0,0,1,0,0,0,0,0,0,0,0,0,0,0
516,0,0,0,1,0,0,0,0,0,1,0,1,0,0,0,0,0,0
517,0,0,0,1,0,0,0,0,0,0,0,0,0,0,0,0,0,0
518,1,0,0,0,0,0,0,0,0,0,0,0,0,0,0,0,0,0
519,1,0,0,1,0,0,1,0,0,0,0,0,0,0,0,0,0,0
520,0,0,0,1,0,0,0,0,0,0,0,0,0,0,0,0,0,0
521,1,0,0,0,0,0,0,0,0,0,0,0,0,0,0,0,0,0
522,0,0,0,1,0,0,0,0,0,0,0,0,0,0,0,0,0,0
523,1,1,0,0,0,0,0,0,0,0,0,0,0,0,0,0,0,0
524,0,0,0,0,0,0,0,0,0,0,0,0,0,0,0,0,0,0
525,0,0,0,0,0,0,0,0,0,0,0,0,0,0,0,0,0,0
526,1,0,0,0,1,0,0,0,0,0,0,0,0,0,0,0,0,0
527,1,0,0,0,0,0,0,0,0,0,0,0,0,0,0,0,0,0
528,1,0,0,1,0,0,0,0,0,0,0,0,0,0,0,0,0,0
529,1,0,0,0,0,0,1,0,0,0,0,0,0,0,0,0,0,0
530,1,0,0,0,0,0,0,0,0,0,0,0,0,0,0,0,0,0
531,1,0,0,1,0,0,0,0,0,0,0,0,0,0,0,0,0,0
532,0,0,0,0,0,0,0,0,0,0,0,0,0,0,0,0,0,0
533,0,0,0,0,0,0,0,0,0,0,0,0,0,0,0,0,0,0
534,1,1,1,1,0,0,0,0,0,0,0,0,0,0,0,0,0,0
535,0,0,0,0,0,0,0,0,0,0,0,0,0,0,0,0,0,0
536,1,0,0,0,0,0,0,0,0,0,0,0,0,0,0,0,0,0
537,1,1,0,0,0,0,0,0,0,1,0,0,0,0,0,0,0,0
538,0,0,0,0,0,0,0,0,0,0,0,0,0,0,0,0,0,0
539,1,0,0,1,0,0,0,0,0,0,0,0,0,0,0,0,0,0
540,1,0,0,1,0,0,0,0,0,0,0,0,0,0,0,0,0,0
541,0,0,0,1,0,0,0,0,0,0,0,0,0,0,0,0,0,0
542,0,0,1,1,0,0,0,0,1,0,0,0,0,0,0,0,0,0
543,0,0,0,0,0,0,0,0,0,0,0,0,0,0,0,0,0,0
544,1,1,0,1,0,0,0,0,0,0,0,0,0,0,0,0,0,0
545,0,0,0,0,0,0,0,0,0,0,0,0,0,0,0,0,0,0
546,1,0,0,0,0,0,0,0,0,0,0,0,0,0,0,0,0,0
547,1,0,0,0,0,0,0,0,0,1,0,0,0,0,0,0,0,0
548,0,0,0,1,0,0,1,0,0,0,0,0,0,0,0,0,0,0
549,0,0,0,0,0,0,0,0,0,0,0,0,0,0,0,0,0,0
550,1,0,0,0,0,0,0,0,0,0,0,0,0,0,0,0,0,0
551,1,0,0,1,0,0,0,0,0,0,0,0,0,0,0,0,0,0
552,1,1,1,0,0,0,0,0,0,0,0,0,0,0,0,0,0,0
553,0,0,0,0,0,0,0,0,0,0,0,0,0,0,0,0,0,0
554,0,0,0,0,0,0,0,0,0,0,0,0,0,0,0,0,0,0
555,0,0,0,0,0,1,1,0,0,1,0,0,0,0,0,0,0,0
556,1,0,0,1,0,0,0,0,0,0,0,0,0,0,0,0,0,0
557,0,0,0,0,0,0,0,0,0,0,0,0,0,0,0,0,0,0
558,1,0,0,1,0,0,0,0,0,0,0,0,0,0,0,0,0,0
559,1,0,1,1,0,0,0,0,0,0,0,0,0,0,0,0,0,0
560,0,0,0,1,0,0,0,0,0,0,0,0,0,0,0,0,0,0
561,0,0,0,1,0,0,0,0,0,0,0,0,0,0,0,0,0,0
562,1,0,0,0,0,0,0,0,0,0,0,0,0,0,0,0,0,0
563,1,0,0,0,0,0,0,0,1,0,0,0,0,0,0,0,0,0
564,1,0,0,0,0,0,0,0,0,0,0,0,0,0,0,0,0,0
565,1,0,0,0,1,0,1,0,0,0,0,0,0,0,0,0,0,0
566,1,0,0,1,0,0,0,0,0,0,0,0,0,0,0,0,0,0
567,1,0,1,1,0,0,0,0,0,0,0,0,0,0,0,0,0,0
568,1,0,0,1,0,0,0,0,0,0,0,0,0,0,0,0,0,0
569,0,0,0,1,0,0,0,0,0,0,0,0,0,0,0,0,0,0
570,1,0,0,0,0,0,0,0,0,0,0,0,0,0,0,0,0,0
571,1,0,0,0,0,0,0,0,0,0,0,0,0,0,0,0,0,0
572,0,0,0,0,0,0,0,0,0,0,0,0,0,0,0,0,0,0
573,1,0,0,1,0,0,0,0,0,0,0,0,0,0,0,0,0,0
574,0,0,0,0,0,0,0,0,0,0,0,0,0,0,0,0,0,0
575,1,0,0,0,0,0,0,0,0,0,0,0,0,0,0,0,0,0
576,1,0,0,0,0,0,0,0,0,0,0,0,0,0,0,0,0,0
577,1,0,0,0,0,0,0,0,0,1,0,0,0,1,0,0,0,0
578,1,0,0,1,0,0,1,0,0,1,0,0,0,0,0,0,0,0
579,1,0,0,1,0,0,0,0,0,0,0,0,0,0,0,0,0,0
580,0,0,0,0,0,0,0,0,0,0,0,0,0,0,0,0,0,0
581,1,0,0,0,0,0,0,0,0,0,0,0,0,0,0,0,0,0
582,0,0,0,1,0,0,0,0,0,0,0,0,0,0,0,0,0,0
583,1,0,0,0,0,0,0,0,0,0,0,0,0,0,0,0,0,0
584,1,0,0,0,0,0,0,0,0,0,0,0,0,0,0,0,0,0
585,1,0,1,0,0,0,0,0,0,0,0,0,0,0,0,0,0,0
586,0,0,0,0,0,0,0,0,0,0,0,0,0,0,0,0,0,0
587,1,0,1,1,0,0,0,0,0,0,0,0,0,0,0,0,0,0
588,1,1,0,0,0,1,0,0,0,0,0,0,0,0,0,0,0,0
589,1,0,0,1,0,0,0,0,0,0,0,0,0,0,0,0,0,0
590,0,0,0,1,0,0,0,0,0,0,0,0,0,0,0,0,0,0
591,1,1,0,0,0,0,0,0,0,0,0,0,0,0,0,0,0,0
592,1,0,0,0,0,0,0,0,1,0,0,0,0,0,0,0,0,0
593,1,0,0,1,0,0,0,1,0,0,0,0,0,0,0,0,0,0
594,1,0,0,0,0,0,0,0,0,0,0,0,0,0,0,0,0,1
595,1,0,0,0,0,0,0,0,0,0,0,0,0,0,0,0,0,0
596,1,0,0,1,0,0,0,0,0,0,0,0,0,0,0,0,0,0
597,1,0,0,0,0,0,0,0,1,0,0,0,0,0,0,0,0,0
598,0,0,0,0,0,0,0,0,0,0,0,0,0,0,0,0,0,0
599,1,0,0,0,0,0,0,0,0,0,0,0,1,0,0,0,0,0
600,0,0,0,1,0,0,0,0,0,0,0,0,0,0,0,0,0,0
601,1,0,0,1,0,0,0,0,0,0,0,0,0,0,0,0,0,0
602,1,0,0,1,0,0,0,0,0,0,0,0,0,0,0,0,0,0
603,1,0,1,0,1,0,0,0,0,0,0,0,0,0,0,0,0,0
604,1,0,0,1,0,0,0,0,0,0,0,0,0,0,0,0,0,0
605,1,0,0,0,0,0,1,0,0,0,0,0,0,0,0,0,0,0
606,1,0,0,1,0,0,0,0,0,0,0,0,0,0,0,0,0,0
607,1,0,1,0,0,0,1,0,0,0,0,0,0,0,0,0,0,0
608,1,0,0,1,0,0,0,0,0,0,0,0,0,0,0,0,0,0
609,1,0,0,1,0,0,0,0,0,0,0,0,0,0,0,0,0,0
610,0,0,0,0,0,0,0,0,0,0,0,0,0,0,0,0,0,0
611,1,0,0,0,0,0,0,0,0,0,0,0,0,0,0,0,0,0
612,1,0,1,0,0,0,0,0,0,0,0,0,0,0,0,0,0,0
613,0,0,0,0,0,0,0,0,0,0,0,0,0,0,0,0,0,0
614,1,0,0,0,0,0,1,0,0,0,0,0,0,0,0,0,0,0
615,1,0,0,1,0,0,0,0,0,0,0,0,0,0,0,0,0,0
616,1,1,0,0,0,0,0,0,0,0,0,0,1,0,0,0,0,0
617,1,0,0,0,0,1,0,0,0,0,0,0,0,0,0,0,0,0
618,1,0,0,0,0,0,0,0,0,0,0,0,0,0,0,0,0,0
619,0,0,0,1,0,0,0,0,0,0,0,0,0,0,0,0,0,0
620,0,0,0,1,0,0,0,0,0,0,0,0,0,0,0,0,0,0
621,0,0,0,0,0,0,0,0,0,0,0,0,0,0,0,0,0,0
622,0,0,0,0,0,0,0,0,0,0,0,0,0,0,0,0,0,0
623,1,0,0,0,0,0,0,0,0,1,0,0,0,0,0,0,0,0
624,1,0,0,0,0,0,0,0,0,1,0,0,0,0,0,0,0,0
625,1,0,0,1,1,0,0,0,0,0,0,0,0,0,0,0,0,0
626,0,0,0,0,0,0,0,0,0,0,0,0,0,0,0,0,0,0
627,1,1,0,1,0,0,0,0,0,0,0,0,0,0,0,0,0,0
628,1,0,0,1,0,0,0,0,0,0,0,0,0,0,0,0,0,0
629,1,0,0,1,0,0,0,0,0,0,0,0,0,0,0,0,0,0
630,1,0,1,0,0,0,0,0,0,0,0,0,0,0,0,0,0,0
631,1,0,0,1,0,0,0,0,0,0,0,0,0,0,0,0,0,0
632,1,0,0,1,0,0,0,0,0,1,0,0,0,0,0,0,0,0
633,1,0,0,0,0,0,0,0,0,1,0,0,0,0,0,0,0,0
634,0,0,0,0,0,0,0,0,0,0,0,0,0,0,0,0,0,0
635,0,0,0,0,0,1,0,0,0,0,0,0,0,0,0,0,0,0
636,0,0,0,1,0,0,0,0,0,0,0,0,0,0,0,0,0,0
637,0,0,0,0,0,0,0,0,0,0,0,0,0,0,0,0,0,0
638,1,0,1,0,0,0,0,0,0,1,0,0,0,0,0,0,0,0
639,1,0,0,0,0,1,0,0,0,1,0,0,0,0,0,0,0,0
640,0,0,1,1,0,0,0,0,0,0,0,0,0,0,0,0,0,0
641,0,0,0,0,0,0,0,0,0,0,0,0,0,0,0,0,0,0
642,0,0,0,1,0,0,0,0,0,0,0,0,0,0,0,0,0,0
643,1,0,0,0,1,0,0,0,0,1,0,0,0,0,0,0,0,0
644,0,0,0,1,0,0,0,0,0,0,0,0,0,0,0,0,0,0
645,1,0,0,1,0,0,0,0,0,0,0,0,0,0,0,0,0,0
646,0,0,0,0,0,0,0,0,0,0,0,0,0,0,0,0,0,0
647,1,0,0,0,1,0,0,0,1,0,0,0,0,0,0,0,0,0
648,1,0,0,0,0,0,0,0,0,1,0,0,0,0,0,0,0,0
649,1,0,1,0,0,0,0,0,0,0,0,0,0,0,0,0,0,0
650,0,0,0,0,0,0,0,0,0,0,0,0,0,0,0,0,0,0
651,1,0,0,1,0,0,0,0,0,0,0,0,0,0,0,0,0,0
652,1,0,1,0,0,0,0,0,0,0,0,0,0,0,0,0,0,0
653,1,0,0,0,0,0,0,0,0,0,0,0,0,0,0,0,0,0
654,1,0,0,0,0,1,0,0,0,0,0,0,0,0,0,0,0,0
655,1,0,0,1,0,0,1,0,0,0,0,0,0,0,0,0,0,0
656,1,0,1,1,0,0,0,0,0,0,0,0,0,0,0,0,0,0
657,1,0,0,0,0,1,0,0,0,0,0,0,0,0,0,0,0,0
658,1,0,0,0,0,0,0,0,0,1,0,0,0,0,0,0,0,0
659,1,0,0,0,0,0,0,0,0,1,0,0,0,0,0,0,0,0
660,0,0,0,0,0,0,0,0,0,0,0,0,0,0,0,0,0,0
661,1,0,0,0,0,0,0,0,0,0,0,0,0,0,0,0,0,0
662,0,0,0,0,0,1,0,0,0,0,0,1,0,0,0,0,0,0
663,0,0,0,1,0,0,0,0,0,0,0,0,0,0,0,0,0,0
664,0,0,0,1,0,0,0,0,0,0,0,0,0,0,0,0,0,0
665,1,0,0,0,0,0,0,0,0,0,0,0,0,0,0,0,0,0
666,1,0,0,0,0,0,0,0,0,0,0,0,0,0,0,0,0,0
667,1,0,1,0,0,0,0,0,0,0,0,0,0,0,0,0,0,0
668,0,0,0,0,0,0,0,0,0,0,0,0,0,0,0,0,0,0
669,0,0,0,0,0,0,0,0,0,0,0,0,0,0,0,0,0,0
670,0,0,0,0,0,0,0,0,0,0,0,0,0,0,0,0,0,0
671,1,0,0,0,0,0,0,0,0,0,0,0,0,0,0,0,0,0
672,1,0,0,1,0,0,0,0,0,0,0,0,0,0,0,0,0,0
673,1,0,0,1,0,0,0,0,0,0,0,0,0,0,0,0,0,0
674,1,0,0,1,0,0,0,0,0,0,0,0,0,0,0,0,0,0
675,0,0,0,1,0,0,0,0,0,0,0,0,0,0,0,0,0,0
676,0,0,0,0,0,0,0,0,0,0,0,0,0,0,0,0,0,0
677,1,1,0,0,0,0,0,0,1,0,0,0,0,0,0,0,0,0
678,1,0,0,1,0,0,0,0,0,0,0,0,0,0,0,0,0,0
679,0,0,0,0,0,0,0,0,0,0,0,0,0,0,0,0,0,0
680,0,0,0,0,0,0,0,0,0,0,0,0,0,0,0,0,0,0
681,1,0,0,1,0,0,0,0,0,0,0,0,0,0,0,0,0,0
682,0,0,0,0,0,0,0,0,0,0,0,0,0,0,0,0,0,0
683,1,0,0,1,0,0,0,0,0,0,0,0,0,0,0,0,0,0
684,1,1,0,0,0,0,0,0,0,0,0,0,0,0,0,0,0,0
685,1,0,1,0,0,0,0,0,0,0,0,0,0,0,0,0,0,0
686,1,0,1,0,0,0,0,0,0,0,0,0,0,0,0,0,0,0
687,1,0,0,0,0,0,0,0,0,0,0,1,0,0,0,0,0,0
688,1,0,0,0,0,0,0,0,1,0,0,0,0,0,0,0,0,0
689,1,1,0,0,1,0,0,0,0,0,0,0,0,0,0,0,0,0
690,0,0,0,0,0,0,0,0,0,0,0,0,0,0,0,0,0,0
691,1,0,0,0,0,0,0,0,0,0,0,0,0,0,0,0,0,0
692,1,1,0,1,0,0,0,0,0,0,0,0,0,0,0,0,0,0
693,1,0,0,0,0,0,0,0,0,0,0,0,0,0,0,0,0,0
694,1,0,0,0,0,0,0,0,0,0,0,0,0,0,0,0,0,0
695,0,0,0,0,0,0,0,0,0,0,0,0,0,0,0,0,0,0
696,0,0,0,1,0,0,0,0,0,0,0,0,0,0,0,0,0,0
697,1,0,1,0,0,0,0,0,0,0,0,0,0,0,0,0,0,0
698,0,0,0,1,0,0,0,0,0,0,0,0,0,0,0,0,0,0
699,0,0,0,0,0,0,0,0,0,0,0,0,0,0,0,0,0,0
700,1,0,0,1,0,0,1,0,0,1,0,0,0,0,0,0,0,0
701,1,0,0,1,0,0,1,0,0,0,0,0,0,0,0,0,0,0
702,1,0,0,1,0,0,0,0,0,0,0,0,0,0,0,0,0,0
703,1,0,0,0,0,0,0,0,0,0,0,0,0,0,0,0,0,0
704,1,0,0,1,0,0,1,0,0,0,0,0,0,0,0,0,0,0
705,0,0,0,1,0,0,0,0,0,0,0,0,0,0,0,0,0,0
706,1,0,0,1,0,1,0,0,0,0,0,0,0,0,0,0,0,0
707,1,0,0,1,1,0,0,0,0,0,1,0,0,0,0,0,0,0
708,1,0,0,1,0,0,0,0,0,1,0,0,0,0,0,0,0,0
709,1,0,0,0,0,0,0,0,0,0,0,0,0,0,0,0,0,0
710,1,0,1,0,0,0,0,0,1,0,0,0,0,0,0,0,0,0
711,0,0,0,0,0,0,0,0,0,0,0,0,0,0,0,0,0,0
712,1,0,1,1,0,0,0,0,0,0,0,0,0,0,0,0,0,0
713,1,1,0,1,0,0,0,0,0,0,0,0,0,0,0,0,0,0
714,0,0,0,0,0,0,0,0,0,0,0,0,0,0,0,0,0,0
715,1,0,0,0,0,0,0,0,0,0,0,1,0,0,0,0,0,0
716,1,0,0,0,0,0,0,0,0,0,0,0,0,0,0,0,0,0
717,0,0,0,1,0,0,0,0,0,0,0,0,0,0,0,0,0,0
718,0,0,0,1,1,0,0,0,0,0,0,0,0,0,0,0,0,0
719,1,0,0,0,0,0,0,0,0,0,0,0,0,0,0,0,0,0
720,0,0,0,1,0,0,0,0,0,0,0,0,0,0,0,0,0,0
721,1,0,0,0,0,0,0,0,0,0,0,0,0,0,0,0,0,0
722,1,0,1,0,0,0,0,0,0,0,0,0,0,0,0,0,0,0
723,0,0,0,0,0,0,0,0,0,0,0,0,0,0,0,0,0,0
724,0,0,0,0,0,0,0,0,0,0,0,0,0,0,0,0,0,0
725,0,0,0,0,0,0,0,0,0,0,0,0,0,0,0,0,0,0
726,1,0,0,1,0,0,0,0,0,0,0,0,0,0,0,0,0,0
727,1,0,0,0,0,0,0,0,0,0,0,0,0,0,0,0,0,0
728,1,0,1,0,0,1,0,0,0,0,0,0,0,0,0,0,0,0
729,1,0,0,0,0,0,0,0,0,1,0,0,0,0,0,0,0,0
730,1,0,0,1,0,0,0,0,0,0,0,0,0,0,0,0,0,0
731,1,0,0,1,0,0,0,0,0,0,0,0,0,0,0,0,0,0
732,1,0,0,0,0,0,0,0,1,0,0,0,0,0,0,0,0,0
733,1,0,0,1,0,0,0,0,0,0,0,0,0,0,0,0,0,0
734,1,0,0,1,0,0,0,0,0,0,0,0,0,0,0,0,0,0
735,0,0,0,0,0,0,0,0,0,0,0,0,0,0,0,0,0,0
736,1,0,0,0,0,0,0,0,0,0,0,0,0,0,0,0,0,0
737,0,0,0,1,0,0,0,0,0,0,0,0,0,0,0,0,0,0
738,0,0,0,1,0,0,0,0,0,0,0,0,0,0,0,0,0,0
739,0,0,0,0,0,0,0,0,0,0,0,0,0,0,0,0,0,0
740,1,0,0,1,0,0,0,0,0,1,0,0,0,0,0,0,0,0
741,0,0,0,1,0,0,0,0,0,0,0,0,0,0,0,0,0,0
742,0,0,0,0,0,0,0,0,0,0,0,0,0,0,0,0,0,0
743,0,0,0,0,0,0,0,0,0,0,0,0,0,0,0,0,0,0
744,1,1,0,0,0,0,0,0,1,0,0,0,0,0,0,0,0,0
745,1,1,0,0,0,1,0,0,0,0,0,0,0,0,0,0,0,0
746,1,0,0,1,0,0,0,0,0,0,0,0,0,0,0,0,0,0
747,1,0,1,0,0,0,0,0,0,0,0,0,0,0,0,0,0,0
748,1,0,0,0,0,0,1,0,0,0,0,0,0,0,0,0,0,0
749,1,0,0,0,0,0,0,0,0,1,0,0,0,0,0,0,0,0
750,1,0,1,0,0,1,0,0,0,0,0,0,0,0,0,0,0,0
751,1,0,0,0,0,0,0,0,0,0,0,0,0,0,0,0,0,0
752,0,0,0,0,0,0,0,0,0,0,0,0,0,0,0,0,0,0
753,1,1,0,0,0,0,0,0,0,0,0,0,0,0,0,0,0,0
754,1,0,0,0,0,0,1,0,0,0,0,0,0,0,0,0,0,0
755,0,0,0,0,0,0,0,0,0,0,0,0,0,0,0,0,0,0
756,1,1,0,0,0,0,0,0,0,0,0,0,0,0,0,0,0,0
757,0,0,0,0,0,0,0,0,0,0,0,0,0,0,0,0,0,0
758,0,0,1,1,0,0,0,0,0,0,0,0,0,0,0,0,0,0
759,0,1,0,1,0,0,0,0,0,0,0,0,0,0,0,0,0,0
760,1,0,0,0,0,0,0,0,0,0,0,0,0,0,0,0,0,0
761,1,0,0,0,0,0,0,0,0,0,0,0,0,0,0,0,0,0
762,0,1,0,0,0,0,1,0,0,0,0,0,0,0,0,0,0,0
763,1,0,0,0,0,0,0,0,0,1,0,0,0,0,0,0,0,0
764,1,0,0,1,0,0,0,0,0,0,0,0,0,0,0,0,0,0
765,0,0,0,0,0,0,0,0,0,0,0,0,0,0,0,0,0,0
766,1,0,0,0,0,0,0,0,0,0,0,0,0,0,0,0,0,0
767,1,0,0,0,0,0,0,0,0,0,0,0,0,0,0,0,0,0
768,1,0,0,0,0,0,0,0,0,0,0,0,0,0,0,0,0,0
769,1,0,0,0,0,0,0,0,1,0,0,0,0,0,0,0,0,0
770,1,0,0,0,0,0,0,0,0,0,0,0,0,0,0,0,0,0
771,1,0,0,1,0,0,0,0,0,0,0,0,0,0,0,0,0,0
772,0,0,0,0,0,0,0,0,0,0,0,0,0,0,0,0,0,0
773,1,0,0,1,0,0,0,0,0,0,0,0,0,0,0,0,0,0
774,0,0,0,0,0,0,0,0,0,0,0,0,0,0,0,0,0,0
775,0,0,0,0,0,0,0,0,0,0,0,0,0,0,0,0,0,0
776,0,0,0,0,0,0,0,0,0,0,0,0,0,0,0,0,0,0
777,1,0,0,1,1,0,0,0,0,0,0,0,0,0,0,0,0,0
778,1,0,0,0,0,0,0,0,0,0,0,0,0,0,0,0,0,0
779,1,0,0,1,0,0,0,0,0,0,0,0,0,0,0,0,0,0
780,0,0,0,0,0,0,0,0,0,0,0,0,0,0,0,0,0,0
781,1,0,0,1,0,0,0,0,0,0,0,0,0,0,0,0,0,0
782,0,1,0,1,0,0,0,0,0,0,0,0,0,0,0,0,0,0
783,0,0,0,0,0,0,0,0,0,0,0,0,0,0,0,0,0,0
784,0,0,0,1,0,0,0,0,0,0,0,0,0,0,0,0,0,0
785,1,0,0,1,0,0,0,0,0,0,0,0,0,0,0,0,0,0
786,1,0,0,1,0,0,0,0,0,0,0,0,0,0,0,0,0,0
787,1,0,0,1,0,0,0,0,0,0,0,0,0,0,0,0,0,0
788,1,0,0,0,0,0,1,0,1,1,0,0,0,0,0,0,0,0
789,1,1,0,0,0,0,0,0,0,0,0,0,0,0,0,0,0,0
790,1,1,0,0,0,0,0,0,0,0,0,0,0,0,0,0,0,0
791,0,0,0,0,0,0,0,0,0,0,0,0,0,0,0,0,0,0
792,0,0,0,0,0,0,0,0,0,0,0,0,0,0,0,0,0,0
793,1,0,0,1,0,0,0,0,0,0,0,0,0,0,0,0,0,0
794,1,0,0,0,0,0,0,0,0,0,0,0,0,0,0,0,0,0
795,0,0,0,1,0,0,0,0,0,0,0,0,0,0,0,0,0,0
796,0,0,0,0,0,0,0,0,0,0,0,0,0,0,0,0,0,0
797,1,0,0,1,1,0,0,0,0,0,0,0,0,0,0,0,0,0
798,0,1,0,0,0,0,0,0,0,0,0,0,0,0,0,0,0,0
799,1,0,0,0,0,0,0,0,0,1,0,0,0,0,0,0,0,0
800,0,0,0,0,0,0,0,0,0,0,0,0,0,0,0,0,0,0
801,0,0,0,0,0,0,0,0,0,0,0,0,0,0,0,0,0,0
802,0,0,0,0,0,0,0,0,0,0,0,0,0,0,0,0,0,0
803,1,0,0,0,0,0,0,0,0,0,0,0,0,0,0,0,0,0
804,1,0,0,1,0,0,0,0,1,0,0,0,0,0,0,0,0,0
805,1,0,0,1,0,0,0,0,0,0,0,0,0,0,0,0,0,0
806,0,0,0,0,0,0,0,0,0,0,0,0,0,0,0,0,0,0
807,1,0,0,1,0,0,1,0,0,0,0,0,0,0,0,0,0,0
808,0,0,0,0,0,0,0,0,0,0,0,0,0,0,0,0,0,0
809,0,0,0,1,0,0,0,0,0,0,0,0,0,0,0,0,0,0
810,1,0,1,0,0,0,0,0,0,0,0,0,0,0,0,0,0,0
811,1,0,0,0,0,0,0,0,0,0,0,0,0,0,0,0,0,0
812,1,0,0,0,0,0,0,0,0,0,0,0,0,0,0,0,0,0
813,0,0,0,0,0,0,0,0,0,0,0,0,0,0,0,0,0,0
814,0,0,0,0,0,1,0,0,0,0,0,0,0,0,0,0,0,0
815,1,0,0,0,0,0,0,0,0,0,0,0,0,0,0,0,0,0
816,0,0,0,0,0,0,0,0,0,0,0,0,0,0,0,0,0,0
817,1,0,0,1,0,0,0,0,0,0,0,0,0,0,0,0,0,0
818,0,1,0,1,0,1,0,0,0,1,0,0,0,0,0,0,0,0
819,1,0,1,0,1,0,0,0,0,0,0,0,0,0,0,0,0,0
820,1,1,1,0,0,0,0,0,0,0,0,0,0,0,0,0,0,0
821,1,0,0,0,0,0,0,0,0,0,0,0,0,0,0,0,0,0
822,0,0,0,1,0,1,0,0,0,0,0,0,0,0,0,0,0,0
823,0,0,0,0,0,0,0,0,0,0,0,0,0,0,0,0,0,0
824,0,0,0,0,0,0,0,0,0,0,0,0,0,0,0,0,0,0
825,1,0,0,1,0,0,0,0,0,0,0,0,0,0,0,0,0,0
826,1,1,0,1,0,0,0,0,0,0,0,0,0,0,0,0,0,0
827,1,0,0,1,0,0,0,0,0,0,0,0,0,0,0,0,0,0
828,1,1,0,0,0,0,0,0,0,0,0,0,0,0,0,0,0,0
829,1,0,0,0,0,0,0,0,0,0,0,0,0,0,0,0,0,0
830,1,0,0,0,0,0,0,0,0,0,0,0,0,0,0,0,0,0
831,0,0,0,0,0,0,0,0,0,0,0,0,0,0,0,0,0,0
832,1,0,1,0,0,0,0,0,0,0,0,0,0,0,0,0,0,0
833,1,1,0,0,0,0,0,0,1,1,0,0,0,0,0,0,0,0
834,1,0,0,0,0,0,0,0,0,0,0,0,0,0,0,0,0,0
835,1,0,0,1,0,0,0,0,0,0,0,0,0,0,0,0,0,0
836,1,0,0,0,1,0,0,0,0,0,0,0,0,0,0,0,0,0
837,1,0,0,1,0,0,0,0,0,0,0,0,0,0,0,0,0,0
838,1,0,0,0,0,0,0,0,0,1,0,0,0,0,0,0,0,0
839,0,0,0,0,0,0,0,0,0,0,0,0,0,0,0,0,0,0
840,0,0,0,0,0,0,0,0,0,0,0,0,0,0,0,0,0,0
841,1,0,0,0,0,0,0,0,0,0,0,0,0,0,0,0,0,0
842,1,0,0,0,0,0,0,0,0,0,0,0,0,0,0,0,0,0
843,1,0,0,0,0,0,0,0,0,0,0,0,0,0,0,0,0,0
844,1,0,0,0,0,1,0,0,0,1,0,0,0,0,0,0,0,0
845,1,1,0,0,0,0,0,0,0,0,0,0,0,0,0,1,0,0
846,1,0,0,0,0,0,0,0,0,0,0,0,0,0,0,0,0,0
847,1,0,1,0,1,0,0,0,0,0,0,0,0,0,0,0,0,0
848,0,0,0,0,0,0,0,0,0,0,0,0,0,0,0,0,0,0
849,1,0,0,0,0,0,0,0,0,0,0,0,0,0,0,0,0,0
850,1,1,0,0,0,0,0,0,0,0,0,0,0,0,0,0,0,0
851,0,0,0,0,0,0,0,0,0,0,0,0,0,0,0,0,0,0
852,1,0,1,0,0,0,0,0,0,0,0,0,0,0,0,0,0,0
853,0,0,0,0,0,0,0,0,0,0,0,0,0,0,0,0,0,0
854,0,0,0,0,0,0,0,0,0,0,0,0,0,0,0,0,0,0
855,1,0,0,1,0,0,0,0,0,0,0,0,0,0,0,0,0,0
856,0,0,0,0,0,0,0,0,0,0,0,0,0,0,0,0,0,0
857,1,0,0,0,0,1,0,0,0,0,0,0,0,0,0,0,0,0
858,1,0,0,0,0,0,0,0,0,0,0,0,0,0,0,0,0,0
859,1,1,1,0,0,0,0,0,0,0,0,0,0,0,0,0,0,0
860,1,0,0,1,0,0,1,0,0,0,0,0,0,0,0,0,0,0
861,1,0,1,0,0,0,0,0,0,0,0,0,0,0,0,0,0,0
862,1,1,0,0,1,0,0,0,0,0,0,1,0,0,0,0,0,0
863,0,0,0,0,0,0,0,0,0,0,0,0,0,0,0,0,0,0
864,1,0,0,0,0,0,0,0,1,0,0,0,0,0,0,0,0,0
865,1,0,0,1,0,0,0,0,0,0,0,0,0,0,0,0,0,0
866,1,0,0,0,1,0,0,0,0,0,0,0,0,0,0,0,0,0
867,1,0,0,0,0,0,0,0,0,0,0,0,0,0,0,0,0,0
868,1,1,0,1,0,0,0,0,1,0,0,0,0,0,0,0,0,0
869,1,0,0,0,0,0,0,0,0,0,0,0,0,0,0,0,0,0
870,1,1,0,0,0,0,0,0,0,0,0,0,0,0,0,0,0,0
871,1,0,0,0,0,0,0,0,0,0,0,0,0,0,0,0,0,0
872,0,0,0,0,0,0,0,0,0,0,0,0,0,0,0,0,0,0
873,1,0,0,1,0,0,0,0,0,0,0,0,0,0,0,0,0,0
874,1,0,1,1,0,0,0,0,0,0,0,0,0,0,0,0,0,0
875,0,0,0,0,0,0,0,0,0,0,0,0,0,0,0,0,0,0
876,1,0,0,0,0,0,0,0,0,0,0,0,0,0,0,0,0,0
877,0,0,0,0,0,0,0,0,0,0,0,0,0,0,0,0,0,0
878,0,0,0,0,0,0,0,0,0,0,0,0,0,0,0,0,0,0
879,1,0,0,0,0,0,0,0,0,0,0,0,0,0,0,0,0,0
880,1,0,0,0,0,0,0,0,0,0,0,0,0,0,0,0,0,0
881,0,0,0,0,0,0,0,0,0,0,0,0,0,0,0,0,0,0
882,1,0,0,0,0,0,0,0,0,0,0,0,0,0,0,0,0,0
883,1,0,0,1,0,0,0,0,0,0,0,0,0,0,0,0,0,0
884,1,0,0,0,0,0,1,0,0,0,0,0,0,0,0,0,0,0
885,1,0,0,0,0,0,0,0,0,1,0,0,0,0,0,0,0,0
886,1,0,0,1,0,0,0,0,0,0,0,0,0,0,0,0,0,0
887,1,1,0,0,0,0,0,0,0,0,0,0,0,0,0,0,0,0
888,0,0,1,1,0,0,0,0,0,0,0,0,0,0,0,0,0,0
889,0,0,0,0,0,0,0,0,0,0,0,0,0,0,0,0,0,0
890,0,0,1,1,0,0,0,0,0,0,0,0,0,0,0,0,0,0
891,0,0,0,0,0,0,0,0,0,0,0,0,0,1,0,0,0,0
892,1,0,1,1,0,0,0,0,0,0,0,0,0,0,0,0,0,0
893,1,1,0,0,0,1,0,0,0,0,0,0,0,0,0,0,0,0
894,1,0,0,1,1,0,0,0,0,0,0,0,0,0,0,0,0,0
895,1,0,0,1,0,0,0,0,0,0,0,0,0,0,0,0,0,0
896,1,0,0,1,0,0,0,0,0,0,0,0,0,0,0,0,0,0
897,0,0,0,0,0,0,0,0,0,0,0,0,0,0,0,0,0,0
898,1,0,0,1,0,0,0,0,0,0,0,0,0,0,0,0,0,0
899,0,0,0,0,0,0,0,0,0,0,0,0,0,0,0,0,0,0
900,0,0,0,0,0,0,0,0,0,0,0,0,0,0,0,0,0,0
901,1,0,0,1,0,0,0,0,0,0,0,0,0,0,0,0,0,0
902,0,0,0,1,0,0,0,0,0,0,0,0,0,0,0,0,0,0
903,1,0,0,1,0,0,0,0,0,0,0,0,0,0,0,0,0,0
904,1,0,0,1,1,0,0,0,0,0,0,0,0,0,0,0,0,0
905,1,0,0,1,0,0,0,0,0,0,0,0,0,0,0,0,0,0
906,0,0,0,0,0,0,0,0,0,0,0,0,0,0,0,0,0,0
907,0,0,1,0,0,0,0,0,0,0,0,0,0,0,0,0,0,0
908,0,0,0,0,0,0,0,0,0,0,0,0,0,0,0,0,0,0
909,1,0,0,0,0,0,0,0,0,0,0,0,0,0,0,0,0,0
910,1,0,0,0,0,0,0,0,0,0,0,0,0,0,0,0,0,0
911,0,0,0,0,0,0,0,0,0,0,0,0,0,0,0,0,0,0
912,0,0,0,0,0,0,0,0,0,0,0,0,0,0,0,0,0,0
913,1,0,0,0,0,0,0,0,1,0,0,0,0,0,0,0,0,0
914,1,0,0,0,0,0,0,0,0,0,0,0,0,0,0,0,0,0
915,0,1,0,0,0,0,0,0,0,0,0,0,0,0,0,0,0,0
916,0,0,0,0,0,0,0,0,0,0,0,0,0,0,0,0,0,0
917,0,0,0,0,0,0,0,0,0,0,0,0,0,0,0,0,0,0
918,0,0,0,1,0,0,0,0,0,0,0,0,0,0,0,0,0,0
919,0,0,0,1,0,0,0,0,0,0,0,0,0,0,0,0,0,0
920,1,1,0,0,0,0,0,0,0,0,0,0,0,0,0,0,0,0
921,0,0,0,0,0,0,0,0,0,0,0,0,0,0,0,0,0,0
922,1,1,0,0,0,0,0,0,0,1,0,0,0,0,0,0,0,0
923,1,1,0,0,0,0,0,0,0,0,0,0,0,0,0,0,0,0
924,1,0,0,0,0,0,1,0,0,0,0,0,0,1,0,0,0,0
925,0,0,0,1,0,0,0,0,0,0,0,0,0,0,0,0,0,0
926,1,0,0,0,0,0,0,0,0,1,0,0,0,1,0,0,0,0
927,1,0,1,1,0,0,0,0,0,0,0,0,0,0,0,0,0,0
928,1,0,0,0,1,0,0,1,0,0,0,0,0,0,0,0,0,0
929,1,0,0,0,0,0,0,0,0,0,0,0,0,0,0,0,0,0
930,1,0,0,0,0,0,0,0,0,0,0,0,0,0,0,0,0,0
931,1,1,0,0,1,0,0,0,0,0,0,0,0,0,0,0,0,0
932,1,0,0,0,0,0,0,0,0,0,0,0,0,0,0,0,0,0
933,0,0,0,1,0,0,1,0,0,0,0,0,0,0,0,0,0,0
934,0,0,0,0,0,0,0,0,0,0,0,0,0,0,0,0,0,0
935,1,0,1,0,0,1,0,0,0,1,0,0,0,0,0,0,0,0
936,1,0,0,1,0,1,0,0,0,0,0,0,0,0,0,0,0,0
937,0,0,0,1,0,0,0,0,0,0,0,0,0,0,0,0,0,0
938,1,0,0,0,0,0,0,0,0,1,0,0,0,0,0,0,0,0
939,1,0,0,1,0,0,0,0,0,0,0,0,0,0,0,0,0,0
940,1,0,0,1,0,0,1,0,0,0,0,0,0,0,0,0,0,0
941,1,0,0,0,0,0,0,0,0,0,0,0,0,0,0,0,0,0
942,0,0,0,0,0,0,0,0,0,0,0,0,0,0,0,0,0,0
943,1,0,0,0,0,0,0,0,0,0,0,0,0,0,0,0,0,0
944,0,0,0,0,0,0,0,0,1,0,0,0,0,0,0,0,0,0
945,0,0,0,0,0,0,0,0,0,0,0,0,0,0,0,0,0,0
946,0,0,1,1,0,0,0,0,0,0,0,0,0,0,0,0,0,0
947,1,0,0,1,0,0,1,0,0,0,0,0,0,0,0,0,0,0
948,0,0,0,1,0,0,0,0,1,0,0,0,0,0,0,0,0,0
949,1,1,0,0,0,0,0,0,1,0,0,0,0,0,0,0,0,0
950,0,0,0,0,0,0,0,0,0,0,0,0,0,0,0,0,0,0
951,1,0,0,0,0,0,0,0,0,0,0,0,0,0,0,0,0,0
952,0,0,0,0,0,0,0,0,0,0,0,0,0,0,0,0,0,0
953,0,0,0,0,0,0,0,0,0,0,0,0,0,0,0,0,0,0
954,1,0,0,1,0,0,0,0,0,0,0,0,0,0,0,0,0,0
955,1,0,0,0,0,0,0,0,0,1,0,0,0,0,0,0,0,0
956,1,0,0,1,1,0,0,0,0,0,0,0,0,0,0,0,0,0
957,1,0,0,1,0,0,0,0,0,0,0,0,0,0,0,0,0,0
958,1,0,0,1,0,0,0,0,0,0,0,0,0,0,0,0,0,0
959,1,1,0,1,0,0,0,0,0,0,0,0,0,0,0,0,0,0
960,0,0,0,0,0,0,0,0,0,0,0,0,0,0,0,0,0,0
961,1,0,0,1,0,0,0,0,0,0,0,0,0,0,0,0,0,0
962,1,0,0,0,0,0,0,0,0,0,0,0,0,0,0,0,0,0
963,1,1,0,0,1,0,0,0,0,0,0,0,0,0,0,0,0,0
964,1,0,0,1,0,0,0,0,0,0,0,0,0,0,0,0,0,0
965,1,0,0,1,1,0,0,0,0,0,0,0,0,0,0,0,0,0
966,0,0,0,0,0,0,0,0,0,1,0,0,0,0,0,0,0,0
967,1,0,0,1,0,0,0,0,0,0,0,0,0,0,0,1,0,0
968,1,1,0,0,0,0,0,0,0,0,0,0,0,0,0,0,0,0
969,0,0,0,0,0,0,0,0,0,0,0,0,0,0,0,0,0,0
970,1,0,0,0,0,0,1,0,0,0,0,0,0,0,0,0,0,0
971,1,1,0,0,1,0,0,0,0,0,0,0,0,0,0,0,0,0
972,1,0,0,0,1,0,0,0,0,0,0,0,0,0,0,0,0,0
973,1,0,0,0,0,0,0,0,0,0,0,1,0,1,0,0,0,0
974,0,0,0,0,0,0,0,0,0,0,0,0,0,0,0,0,0,0
975,1,1,0,1,0,0,0,0,0,0,0,0,0,0,0,0,0,0
976,0,0,0,0,0,0,0,0,0,0,0,0,0,0,0,0,0,0
977,1,0,1,0,0,0,0,0,0,0,0,1,0,0,0,0,0,0
978,0,0,0,0,0,0,0,0,0,0,0,0,0,0,0,0,0,0
979,1,0,0,1,0,0,0,0,0,0,0,0,0,0,0,0,0,0
980,1,0,0,0,0,0,0,0,0,0,0,0,0,0,0,0,0,0
981,1,0,1,0,0,0,0,0,0,0,0,0,0,0,0,0,0,0
982,1,1,0,0,1,0,0,0,1,0,0,0,0,0,0,0,0,0
983,1,0,0,1,0,0,0,0,0,0,0,0,0,0,0,0,0,0
984,1,1,0,1,0,0,0,0,0,0,0,0,0,0,0,0,0,0
985,0,0,0,0,0,0,0,0,0,0,0,0,0,0,0,0,0,0
986,0,0,0,1,0,0,0,0,0,0,0,0,0,0,0,0,0,0
987,1,0,0,0,0,0,0,0,0,0,0,0,0,0,0,0,0,0
988,1,1,0,0,0,0,0,0,0,0,0,0,0,0,0,0,0,0
989,1,0,0,0,0,0,0,0,0,0,0,0,0,0,0,0,0,0
990,1,0,0,0,0,0,0,0,1,0,0,0,0,0,0,0,0,0
991,0,0,0,0,0,0,0,0,0,0,0,0,0,0,0,0,0,0
992,1,0,0,0,0,0,0,0,0,1,0,0,0,0,0,0,0,0
993,1,0,0,0,0,0,0,0,0,0,0,0,0,0,0,0,0,0
994,1,0,0,0,0,0,0,0,0,0,0,0,0,0,0,0,0,0
995,1,0,1,0,0,0,0,0,0,1,0,0,0,0,0,0,0,0
996,1,0,0,0,0,0,0,0,0,0,0,0,0,0,0,0,0,0
997,0,0,0,0,0,0,0,0,1,0,0,0,0,0,0,0,0,0
998,1,1,0,0,0,0,0,0,0,0,0,0,0,0,0,0,0,0
999,1,0,0,1,0,0,0,0,0,0,0,0,0,0,0,0,0,0
1000,0,0,0,0,0,0,0,0,0,0,0,0,0,0,0,0,0,0
1001,0,0,0,1,0,0,0,0,0,0,0,0,0,0,0,0,0,0
1002,1,0,0,1,0,0,0,0,0,0,0,0,0,0,0,0,0,0
1003,1,1,0,1,0,0,0,0,0,0,0,0,0,0,0,0,0,0
1004,1,1,0,0,0,0,0,0,0,0,0,0,0,0,0,0,0,0
1005,1,0,0,0,0,0,0,0,0,0,0,0,0,1,0,0,0,0
1006,1,1,0,0,0,0,1,0,0,0,0,0,0,0,0,0,0,0
1007,1,1,0,0,1,0,0,0,0,0,0,0,0,0,0,0,0,0
1008,1,0,0,0,0,0,0,0,0,0,0,0,0,0,0,0,0,0
1009,1,0,0,1,0,0,0,0,0,0,0,0,0,0,0,0,0,0
1010,1,1,0,0,0,0,0,0,0,0,0,0,0,0,0,0,0,0
1011,1,1,0,0,1,0,0,0,0,0,0,0,0,0,0,0,0,0
1012,1,0,0,0,0,0,0,0,0,0,0,0,0,0,0,0,0,0
1013,1,0,0,1,0,0,0,0,0,0,0,0,0,0,0,0,0,0
1014,1,0,0,1,0,0,0,0,0,0,0,0,0,0,0,0,0,0
1015,1,0,0,0,0,1,0,0,0,0,0,0,0,0,0,0,0,0
1016,1,0,0,0,0,0,0,0,0,0,0,0,0,0,0,0,0,0
1017,0,0,0,0,0,0,0,0,0,0,0,0,0,0,0,0,0,0
1018,0,0,0,0,0,0,0,0,0,0,0,0,0,0,0,0,0,0
1019,0,0,0,0,0,0,0,0,0,0,0,0,0,0,0,0,0,0
1020,0,0,0,0,0,0,0,0,0,0,0,0,0,0,0,0,0,0
1021,1,0,0,1,0,0,0,0,0,0,0,0,0,0,0,0,0,0
1022,1,0,0,0,0,0,0,1,0,0,0,0,0,0,0,0,0,0
1023,1,0,0,0,0,0,0,0,0,0,0,0,0,0,0,0,0,0
1024,1,0,0,0,0,0,0,0,0,1,0,0,0,0,0,0,0,0
1025,1,1,0,1,1,0,0,0,0,0,0,0,0,0,0,0,0,0
1026,0,0,0,1,0,0,0,0,0,0,0,0,0,0,0,0,0,0
1027,1,1,0,0,0,0,0,0,0,1,0,0,0,0,0,0,0,0
1028,0,0,0,0,0,0,0,0,0,0,0,0,0,0,0,0,0,0
1029,1,0,0,0,0,0,0,0,0,0,0,0,0,0,0,0,0,0
1030,1,0,1,1,0,0,0,0,0,0,0,0,0,0,0,0,0,0
1031,1,0,0,0,0,0,0,0,0,1,0,0,0,0,0,0,0,0
1032,0,0,0,1,0,0,0,0,0,0,0,0,0,0,0,0,0,0
1033,0,0,0,0,0,0,0,0,0,0,0,0,0,0,0,0,0,0
1034,0,0,0,0,0,0,0,0,0,0,0,0,0,0,0,0,0,0
1035,0,0,0,0,0,0,0,0,0,0,0,0,0,0,0,0,0,0
1036,0,0,1,0,0,0,0,0,0,0,0,0,0,0,0,0,0,0
1037,1,0,1,0,0,0,1,0,0,0,0,0,0,0,0,0,0,0
1038,1,0,0,1,0,0,0,0,0,0,0,0,0,0,0,0,0,0
1039,0,0,0,0,0,0,0,0,0,0,0,0,0,0,0,0,0,0
1040,1,0,0,0,0,0,0,0,0,0,0,0,0,0,0,0,0,0
1041,1,0,0,0,1,0,0,0,1,0,0,0,0,0,0,1,0,0
1042,1,0,0,0,1,0,0,0,0,0,0,0,0,0,0,0,0,0
1043,1,0,1,1,0,0,0,0,0,0,0,0,0,0,0,0,0,0
1044,1,0,0,0,0,0,0,0,0,0,0,0,0,0,0,0,0,0
1045,1,0,0,1,0,0,0,0,0,0,0,0,0,0,0,0,0,0
1046,0,0,0,0,0,0,0,0,0,0,0,0,0,0,0,0,0,0
1047,0,0,0,1,0,0,0,0,0,0,0,0,0,0,0,0,0,0
1048,1,0,0,0,0,0,0,0,0,0,0,0,0,1,0,0,0,0
1049,1,0,0,0,0,0,1,0,0,0,0,0,0,0,0,0,0,0
1050,0,0,0,0,0,0,0,0,0,0,0,0,0,0,0,0,0,0
1051,0,0,0,0,0,0,0,0,0,0,0,0,0,0,0,0,0,0
1052,0,0,0,0,0,0,0,0,0,0,0,0,0,0,0,0,0,0
1053,1,1,0,0,0,0,0,0,0,0,0,0,0,0,0,0,0,0
1054,0,0,0,0,0,0,0,0,0,0,0,0,0,0,0,0,0,0
1055,1,0,1,1,0,0,0,0,0,1,0,1,0,0,0,0,0,0
1056,1,0,0,1,0,0,0,0,0,1,0,0,0,0,0,0,0,0
1057,1,1,0,0,0,0,0,0,1,0,0,0,0,0,0,0,0,0
1058,0,0,0,0,0,0,0,0,0,0,0,0,0,0,0,0,0,0
1059,1,0,0,0,0,0,0,0,0,0,0,0,0,0,0,0,0,0
1060,0,0,0,1,0,0,0,0,0,0,0,0,0,0,0,0,0,0
1061,1,0,1,0,0,0,0,0,0,0,0,0,0,0,0,0,0,0
1062,0,0,0,1,0,0,0,0,0,0,0,0,0,0,0,0,0,0
1063,1,0,0,0,0,0,0,0,0,0,0,0,0,0,0,0,0,0
1064,0,0,0,0,0,0,0,0,0,0,0,0,0,0,0,0,0,0
1065,0,0,0,0,0,0,1,0,0,0,0,0,0,0,0,0,0,0
1066,1,0,0,1,0,0,0,0,0,0,0,0,0,0,0,0,0,0
1067,1,1,0,1,0,0,0,0,0,0,0,0,0,0,0,0,0,0
1068,1,0,0,1,1,0,1,0,0,0,0,1,0,0,0,0,0,0
1069,1,0,0,0,0,0,0,0,0,0,0,0,0,0,0,0,0,0
1070,0,0,0,0,0,0,0,0,0,0,0,0,0,0,0,0,0,0
1071,0,1,0,0,0,0,1,0,0,0,0,0,0,0,0,0,0,0
1072,1,0,0,1,0,0,0,0,0,0,0,0,0,0,0,0,0,0
1073,1,0,0,1,0,0,0,0,0,0,0,0,0,0,0,0,0,0
1074,0,0,0,0,0,0,0,0,0,0,0,0,0,0,0,0,0,0
1075,1,0,0,0,0,0,0,0,0,0,0,0,0,0,0,0,0,0
1076,0,0,0,1,0,0,0,0,1,0,0,0,0,0,0,0,0,0
1077,0,0,0,0,0,0,0,0,0,0,0,0,0,0,0,0,0,0
1078,0,0,0,0,0,0,0,0,0,0,0,0,0,0,0,0,0,0
1079,1,0,0,1,0,0,0,0,0,0,0,0,0,0,0,0,0,0
1080,1,0,0,1,0,0,0,0,0,1,0,0,0,0,0,0,0,0
1081,1,0,0,1,0,0,0,0,0,0,0,0,0,0,0,0,0,0
1082,1,0,0,1,0,0,0,0,0,0,0,0,0,0,0,0,0,0
1083,1,1,0,0,1,0,0,0,0,0,0,0,0,0,0,0,0,0
1084,0,0,0,1,0,0,0,0,0,0,0,0,0,0,0,0,0,0
1085,0,0,0,0,0,0,0,0,0,0,0,0,0,0,0,0,0,0
1086,1,0,0,1,0,0,0,0,0,0,0,0,0,0,0,0,0,0
1087,0,0,0,0,0,0,0,0,0,0,0,0,0,0,0,0,0,0
1088,1,0,0,1,0,0,0,0,1,0,0,0,0,0,0,0,0,0
1089,1,1,0,0,0,0,0,0,0,0,0,0,0,0,0,0,0,0
1090,0,0,0,0,0,0,0,0,0,0,0,0,0,0,0,0,0,0
1091,1,0,0,1,0,0,0,0,0,0,0,0,0,0,0,0,0,0
1092,1,0,0,1,0,0,0,0,0,0,0,0,0,0,0,0,0,0
1093,0,0,0,0,0,0,0,0,0,0,0,0,0,0,0,0,0,0
1094,1,0,0,0,0,0,0,0,0,0,0,0,0,0,0,0,0,0
1095,0,0,0,0,0,0,0,0,0,0,0,0,0,0,0,0,0,0
1096,0,0,0,0,1,0,0,0,1,0,0,1,0,0,0,0,0,0
1097,1,0,0,0,0,0,0,0,0,0,0,0,0,0,0,0,0,0
1098,1,1,0,0,0,0,0,0,0,0,0,0,0,0,0,0,0,0
1099,1,1,0,0,0,0,1,0,0,0,0,0,0,0,0,0,0,0
1100,1,0,0,1,0,0,0,0,0,0,0,0,0,0,0,0,0,0
1101,1,0,0,1,0,0,0,0,0,0,0,0,0,0,0,0,0,0
1102,1,0,0,0,0,0,0,0,0,0,0,0,0,0,0,0,0,0
1103,1,0,0,0,1,0,0,0,1,0,0,0,0,0,0,0,0,0
1104,1,0,0,0,0,0,0,0,0,0,0,0,0,0,0,0,0,0
1105,0,0,0,0,0,0,0,0,0,0,0,0,0,0,0,0,0,0
1106,1,0,0,0,0,0,0,0,0,0,0,0,0,0,0,0,0,0
1107,1,0,0,0,0,0,0,0,0,0,0,0,0,0,0,0,0,0
1108,0,0,0,0,0,0,0,0,0,0,0,0,0,0,0,0,0,0
1109,1,0,0,0,0,0,0,0,0,0,0,0,0,0,0,0,0,0
1110,1,1,1,0,1,0,0,0,0,0,0,0,0,0,0,0,0,0
1111,1,0,0,1,0,0,0,0,0,0,0,0,0,0,0,0,0,0
1112,0,0,0,0,0,0,0,0,0,0,0,0,0,0,0,0,0,0
1113,1,0,0,0,0,0,0,0,0,0,1,0,0,0,0,0,0,0
1114,1,0,1,0,0,0,0,0,0,0,0,0,0,0,0,0,0,0
1115,1,0,0,1,0,0,0,0,0,0,0,0,0,0,0,0,0,0
1116,0,0,0,1,0,1,0,0,0,1,0,0,0,0,0,0,0,0
1117,1,0,1,0,1,0,0,0,0,0,0,0,0,0,0,0,0,0
1118,0,0,0,0,0,0,0,0,0,0,0,0,0,0,0,0,0,0
1119,1,0,0,0,0,0,0,0,0,0,0,0,0,0,0,0,0,0
1120,0,0,0,0,0,0,0,0,0,0,0,0,0,0,0,0,0,0
1121,1,0,0,0,0,0,0,0,0,1,0,0,0,0,0,0,0,0
1122,0,0,0,0,0,0,0,0,0,0,0,0,0,0,0,0,0,0
1123,1,1,0,0,1,0,0,0,0,0,0,0,0,0,0,0,0,0
1124,0,0,0,0,0,0,0,0,0,0,0,0,0,0,0,0,0,0
1125,0,0,0,1,0,0,0,0,0,1,0,0,0,0,0,0,0,0
1126,1,0,0,0,0,0,0,0,0,0,0,0,0,0,0,0,0,0
1127,1,0,0,1,0,0,0,0,0,0,0,0,0,0,0,0,0,0
1128,1,0,0,0,0,0,1,0,0,1,0,0,0,0,0,0,0,0
1129,1,0,0,1,0,0,0,0,0,0,0,0,0,0,0,0,0,0
1130,1,0,0,1,0,0,0,0,0,0,0,0,0,0,0,0,0,0
1131,0,0,0,1,0,0,0,0,0,0,0,0,0,0,0,0,0,0
1132,1,1,0,1,0,0,0,0,0,0,0,0,0,0,0,0,0,0
1133,1,0,0,1,1,0,0,0,0,0,0,0,0,0,0,0,0,0
1134,0,0,1,1,0,0,0,0,0,0,0,0,0,0,0,0,0,0
1135,0,0,0,0,0,0,0,0,0,0,0,0,0,0,0,0,0,0
1136,0,0,0,0,0,0,0,0,0,0,0,0,0,0,0,0,0,0
1137,1,1,0,0,0,0,0,0,0,0,0,0,0,0,0,0,0,0
1138,0,0,0,1,0,0,0,0,0,0,0,0,0,0,0,0,0,0
1139,0,0,0,0,0,0,0,0,0,0,0,0,0,0,0,0,0,0
1140,0,0,0,0,0,0,0,0,0,0,0,0,0,0,0,0,0,0
1141,0,0,0,0,0,0,0,0,0,0,0,0,0,0,0,0,0,0
1142,1,0,0,1,0,0,0,0,0,0,0,0,0,0,0,0,0,0
1143,0,0,0,0,0,0,0,0,0,0,0,0,0,0,0,0,0,0
1144,0,0,0,0,0,0,0,0,0,0,0,0,0,0,0,0,0,0
1145,1,0,0,0,0,0,0,0,0,0,0,0,0,0,0,0,0,0
1146,1,0,1,0,0,0,0,1,0,0,0,0,0,0,0,0,0,0
1147,0,0,0,0,0,0,0,0,0,0,0,0,0,0,0,0,0,0
1148,1,0,0,0,0,0,0,0,1,1,0,0,0,0,0,0,0,0
1149,1,0,0,0,0,0,0,0,0,0,0,0,0,0,0,0,0,0
1150,1,0,0,1,0,0,0,0,0,0,0,0,0,0,0,0,0,0
1151,1,0,0,0,0,0,0,0,0,0,0,0,0,0,0,0,0,0
1152,0,0,0,0,0,0,0,0,0,0,0,0,0,0,0,0,0,0
1153,0,0,0,0,0,0,0,0,0,0,0,0,0,0,0,0,0,0
1154,1,0,1,0,0,0,0,0,1,0,0,0,0,0,0,0,0,0
1155,0,0,0,0,0,0,0,0,0,0,0,0,0,0,0,0,0,0
1156,1,0,1,1,0,0,0,0,0,0,0,0,0,0,0,0,0,0
1157,0,0,0,1,0,0,0,0,0,0,0,0,0,0,0,0,0,0
1158,0,0,0,0,0,0,0,0,0,0,0,0,0,0,0,0,0,0
1159,1,0,0,1,0,0,0,0,0,0,0,0,0,0,0,0,0,0
1160,1,0,0,1,0,0,0,0,0,0,0,0,0,0,0,0,0,0
1161,1,1,1,1,0,0,0,0,0,0,0,0,0,0,0,0,0,0
1162,0,0,0,0,0,0,0,0,0,0,0,0,0,0,0,0,0,0
1163,1,0,0,0,1,0,0,0,0,0,0,0,0,1,0,0,0,0
1164,1,0,0,0,0,0,0,0,0,0,0,0,0,0,0,0,0,0
1165,0,1,0,0,0,0,0,0,0,0,0,0,0,0,0,0,0,0
1166,1,0,0,0,0,0,0,0,0,0,0,0,0,0,0,0,0,0
1167,1,0,0,0,0,0,0,0,0,0,0,0,0,0,0,0,0,0
1168,1,0,0,1,0,0,1,0,0,0,0,0,0,0,0,0,0,0
1169,0,0,0,0,0,0,0,0,0,0,0,0,0,0,0,0,0,0
1170,0,0,0,0,0,0,0,0,0,0,0,0,0,0,0,0,0,0
1171,1,0,0,1,0,0,0,0,0,0,0,0,0,0,0,0,0,0
1172,1,1,0,0,0,0,0,0,0,0,0,0,0,0,0,0,0,0
1173,1,0,0,0,0,0,0,0,0,0,0,0,0,0,0,0,0,0
1174,1,0,0,0,1,0,0,0,0,0,0,0,0,0,0,0,0,0
1175,0,0,1,0,0,0,0,0,0,0,0,0,0,0,0,0,0,0
1176,1,0,0,0,0,0,0,0,0,0,0,0,0,0,0,0,0,0
1177,1,0,0,0,0,0,0,0,0,0,0,0,0,0,0,0,0,0
1178,1,0,0,0,0,0,1,0,1,0,0,0,0,0,0,0,0,0
1179,0,0,0,0,0,0,0,0,0,0,0,0,0,0,0,0,0,0
1180,1,0,0,0,0,0,0,0,0,0,0,0,0,0,0,0,0,0
1181,1,0,1,0,1,0,0,0,0,0,0,0,0,0,0,0,0,0
1182,1,0,0,1,0,0,0,0,0,0,0,0,0,0,0,0,0,0
1183,1,0,0,0,0,0,0,0,0,0,0,0,0,0,0,0,0,0
1184,0,0,0,0,0,0,0,0,0,0,0,0,0,0,0,0,0,0
1185,0,0,0,1,0,0,0,0,0,0,0,0,0,0,0,0,0,0
1186,0,0,0,0,0,0,0,0,0,0,0,0,0,0,0,0,0,0
1187,0,0,0,0,0,0,0,0,0,0,0,0,0,0,0,0,0,0
1188,0,0,0,0,0,0,0,0,0,0,0,0,0,0,0,0,0,0
1189,0,0,0,0,0,0,0,0,0,0,0,0,0,0,0,0,0,0
1190,1,0,1,0,1,1,0,0,0,0,0,0,0,0,0,0,0,0
1191,1,0,0,1,0,0,1,0,0,0,0,0,0,0,0,0,0,0
1192,1,0,0,0,0,0,0,0,0,0,0,0,0,0,0,0,0,0
1193,1,0,0,0,0,0,0,0,0,0,0,0,0,0,0,0,0,0
1194,1,0,0,0,0,0,0,0,0,0,0,0,0,0,0,0,0,0
1195,0,0,0,0,0,0,0,0,0,0,0,0,0,0,0,0,0,0
1196,0,0,0,0,0,0,0,0,0,0,0,0,0,0,0,0,0,0
1197,1,0,0,0,0,0,0,0,1,0,0,1,0,0,0,0,0,0
1198,0,0,0,0,0,0,0,0,0,0,0,0,0,0,0,0,0,0
1199,1,1,0,0,0,0,0,0,0,0,0,0,0,0,0,0,0,0
1200,1,0,0,0,0,0,0,0,1,1,0,0,0,0,0,0,0,0
1201,0,0,0,0,0,0,0,0,0,0,0,0,0,0,0,0,0,0
1202,0,0,0,0,0,0,0,0,0,0,0,0,0,0,0,0,0,0
1203,1,1,0,0,0,0,0,0,0,0,0,0,0,0,0,1,0,0
1204,1,0,0,0,0,0,0,0,1,0,0,0,0,0,0,0,0,0
1205,1,1,0,0,0,0,0,0,1,0,0,0,0,0,0,0,0,0
1206,1,1,1,1,0,0,0,0,0,0,0,0,0,0,0,0,0,0
1207,0,0,1,1,0,0,0,0,0,0,0,0,0,0,0,0,0,0
1208,0,0,0,0,0,0,0,0,0,0,0,0,0,0,0,0,0,0
1209,0,0,0,0,1,1,0,0,1,0,0,0,0,0,0,0,0,0
1210,0,0,0,1,0,0,0,0,0,0,0,0,0,0,0,0,0,0
1211,1,0,0,0,0,1,0,0,0,1,0,0,0,0,0,0,0,0
1212,1,0,0,1,0,0,0,0,0,0,0,0,0,0,0,0,0,0
1213,0,0,0,0,0,0,0,0,0,0,0,0,0,0,0,0,0,0
1214,1,0,0,0,0,0,0,0,1,0,0,0,0,0,0,0,0,0
1215,0,0,0,1,0,0,0,0,0,0,0,0,0,0,0,0,0,0
1216,0,0,0,1,0,0,0,0,0,0,0,0,0,0,0,0,0,0
1217,0,0,0,0,0,0,0,0,0,0,0,0,0,0,0,0,0,0
1218,1,0,0,0,0,0,0,0,0,0,0,0,0,0,0,0,0,0
1219,0,0,0,0,0,0,0,0,0,0,0,0,0,0,0,0,0,0
1220,0,1,0,0,0,0,0,0,0,0,0,0,0,0,0,0,0,0
1221,0,0,0,0,0,0,0,0,0,0,0,0,0,0,0,0,0,0
1222,1,0,0,0,0,0,0,0,0,0,0,0,0,0,0,0,0,0
1223,0,0,0,1,0,0,0,0,0,0,0,0,0,0,0,0,0,0
1224,0,0,0,1,0,0,0,0,0,0,0,0,0,0,0,0,0,0
1225,0,0,0,0,0,0,0,0,0,0,0,0,0,0,0,0,0,0
1226,1,0,0,1,0,0,0,0,0,0,0,0,0,0,0,0,0,0
1227,1,0,0,0,0,0,0,0,0,0,0,1,0,1,0,0,0,0
1228,1,0,0,0,0,0,0,0,0,0,0,0,0,0,0,0,0,0
1229,0,0,0,0,0,0,0,0,0,0,0,0,0,0,0,0,0,0
1230,1,0,0,0,0,0,0,0,0,0,0,0,0,0,0,0,0,0
1231,1,0,0,1,0,0,0,0,0,0,0,0,0,0,0,0,0,0
1232,1,0,0,0,0,0,0,0,0,1,0,0,0,0,0,0,0,0
1233,0,0,0,0,0,0,0,0,0,0,0,0,0,0,0,0,0,0
1234,0,0,0,0,0,0,0,0,0,0,0,0,0,0,0,0,0,0
1235,1,0,0,0,0,0,0,0,0,1,0,0,0,0,0,0,0,0
1236,1,0,1,0,0,0,0,0,0,0,0,0,0,0,0,0,0,0
1237,0,0,0,0,0,0,0,0,0,0,0,0,0,0,0,0,0,0
1238,0,0,0,0,0,0,0,0,0,0,0,0,0,0,0,0,0,0
1239,1,0,0,1,0,0,1,0,0,0,0,0,0,0,0,0,0,0
1240,0,0,0,0,0,0,0,0,0,0,0,0,0,0,0,0,0,0
1241,1,0,0,1,0,0,0,0,0,0,0,0,0,0,0,0,0,0
1242,0,0,0,0,0,0,0,0,0,0,0,0,0,0,0,0,0,0
1243,0,0,0,0,0,0,0,0,0,0,0,0,0,0,0,0,0,0
1244,0,1,0,0,0,0,0,0,0,1,0,0,0,0,0,0,0,0
1245,0,0,0,1,1,0,0,0,0,0,0,0,0,0,0,0,0,0
1246,1,0,0,0,0,0,0,0,0,1,1,0,0,0,0,0,0,0
1247,1,0,0,0,0,0,0,0,1,1,1,0,0,0,0,0,0,0
1248,0,0,0,1,1,0,0,0,0,0,0,0,0,1,0,0,0,0
1249,0,0,0,0,0,0,0,0,0,0,0,0,0,0,0,0,0,0
1250,1,0,0,0,1,0,0,0,0,1,0,0,0,0,0,0,0,0
1251,1,0,0,1,0,0,0,0,0,0,0,0,0,0,0,0,0,0
1252,1,0,1,0,1,0,0,0,0,0,0,0,0,0,0,0,0,0
1253,1,0,0,0,0,0,0,0,0,1,0,0,0,0,0,0,0,0
1254,1,1,0,0,0,0,0,0,0,0,0,0,0,0,0,0,0,0
1255,1,0,0,1,0,0,0,0,0,0,0,0,0,0,0,0,0,0
1256,0,0,0,0,0,0,0,0,0,0,0,0,0,0,0,0,0,0
1257,1,0,0,0,0,0,0,0,0,0,0,0,0,0,0,0,0,0
1258,0,0,1,0,0,1,0,0,0,0,0,0,0,0,0,0,0,0
1259,0,0,0,0,0,0,0,0,0,0,0,0,0,0,0,0,0,0
1260,0,0,0,0,0,0,0,0,0,0,0,0,0,0,0,0,0,0
1261,1,0,0,0,0,0,0,0,1,0,0,0,0,0,0,0,0,0
1262,1,0,0,0,0,0,0,0,0,0,0,0,0,0,0,0,0,0
1263,0,0,0,0,0,0,0,0,0,0,0,0,0,0,0,0,0,0
1264,0,0,0,0,0,0,0,0,0,0,0,0,0,0,0,0,0,0
1265,0,0,0,0,0,0,0,0,0,0,0,0,0,0,0,0,0,0
1266,1,0,0,0,0,0,1,0,1,0,0,0,0,0,0,0,0,0
1267,0,0,0,0,0,0,0,0,0,0,0,0,0,0,0,0,0,0
1268,0,0,0,1,0,0,0,0,0,0,0,0,0,0,0,0,0,0
1269,1,0,0,0,0,0,0,0,1,0,0,0,0,0,0,0,0,0
1270,0,0,0,0,0,0,0,0,0,0,0,0,0,0,0,0,0,0
1271,0,0,1,0,0,0,1,0,0,0,0,0,0,0,0,0,0,0
1272,1,0,0,1,0,0,0,0,0,0,0,0,0,0,0,0,0,0
1273,1,1,0,0,0,1,0,0,0,0,0,0,0,0,0,0,0,0
1274,1,0,0,0,0,0,1,0,0,0,0,0,0,0,0,0,0,0
1275,1,0,0,1,0,0,0,0,0,0,0,0,0,0,0,0,0,0
1276,1,1,0,0,1,0,0,0,0,0,0,0,0,0,0,0,0,0
1277,0,0,0,0,0,0,1,0,0,0,0,0,0,0,0,0,0,0
1278,1,0,0,1,0,0,0,0,0,0,0,0,0,0,0,0,0,0
1279,0,0,0,0,0,0,0,0,0,0,0,0,0,0,0,0,0,0
1280,0,0,0,0,0,0,0,0,0,0,0,0,0,0,0,0,0,0
1281,0,0,0,0,0,0,0,0,0,0,0,0,0,0,0,0,0,0
1282,1,1,0,0,0,0,0,0,0,0,0,0,0,0,0,0,0,0
1283,0,0,0,1,1,0,0,0,0,0,0,0,0,0,0,0,0,0
1284,1,0,0,1,0,0,0,0,0,0,0,0,0,0,0,0,0,0
1285,1,0,0,1,0,0,0,0,1,0,0,0,0,0,0,0,0,0
1286,0,0,0,0,0,0,0,0,0,0,0,0,0,0,0,0,0,0
1287,1,0,0,1,0,0,0,0,0,0,0,0,0,0,0,0,0,0
1288,0,0,0,0,0,0,0,0,0,0,0,0,0,0,0,0,0,0
1289,1,0,0,1,0,1,0,0,0,0,0,0,0,0,0,0,0,0
1290,1,0,0,0,0,0,1,0,0,0,0,0,0,0,0,0,0,0
1291,0,0,0,0,0,0,0,0,0,0,0,0,0,0,0,0,0,0
1292,1,0,1,0,0,0,0,0,0,1,0,0,0,0,0,0,0,0
1293,0,1,0,0,0,0,0,0,1,0,1,0,0,0,0,0,0,0
1294,1,0,0,1,0,0,0,0,0,0,0,0,0,0,0,0,0,0
1295,0,0,1,1,0,0,0,0,0,0,0,0,0,0,0,0,0,0
1296,1,0,0,0,0,0,0,0,0,0,0,0,0,0,0,0,0,0
1297,1,0,0,0,0,0,0,0,0,0,0,0,0,0,0,0,0,0
1298,0,1,0,0,0,0,0,0,0,0,0,0,0,0,0,0,0,0
1299,1,0,0,0,0,0,0,0,0,0,0,0,0,0,0,0,0,0
1300,1,0,0,1,1,0,0,0,0,0,0,0,0,0,0,0,0,0
1301,0,0,0,0,0,0,0,0,0,0,0,0,0,0,0,0,0,0
1302,1,0,0,0,0,0,0,0,0,0,0,0,0,0,0,0,0,0
1303,1,0,0,0,0,0,0,0,0,0,0,0,0,0,0,0,0,0
1304,0,0,0,0,0,0,0,0,0,0,0,0,0,0,0,0,0,0
1305,0,0,0,0,0,0,0,0,0,0,0,0,0,0,0,0,0,0
1306,1,0,0,0,0,0,1,0,0,0,0,0,1,1,0,0,0,0
1307,1,0,1,0,0,0,0,0,0,0,0,0,0,0,0,0,0,0
1308,1,0,0,0,0,0,0,0,0,0,0,0,0,0,0,0,0,0
1309,0,0,0,0,0,0,0,0,0,0,0,0,0,0,0,0,0,0
1310,0,0,0,0,0,0,0,0,0,0,0,0,0,0,0,0,0,0
1311,1,0,0,1,0,0,0,0,0,0,0,0,0,0,0,0,0,0
1312,1,0,0,0,0,1,0,0,0,0,0,0,0,0,0,0,0,0
1313,1,0,0,1,0,1,0,0,0,1,0,0,1,0,0,0,0,0
1314,1,0,1,0,0,0,0,0,0,0,0,0,0,0,0,0,0,0
1315,0,0,0,0,0,0,0,0,0,0,0,0,0,0,0,0,0,0
1316,1,0,0,1,0,0,0,0,0,0,0,0,0,0,0,0,0,0
1317,1,0,0,0,0,0,0,0,0,0,0,0,0,0,0,0,0,0
1318,1,0,0,1,0,0,0,0,0,0,0,0,0,0,0,0,0,0
1319,1,0,0,0,0,0,1,0,0,0,0,0,0,0,0,0,0,0
1320,1,0,0,0,0,0,0,0,0,0,0,0,0,0,0,0,0,0
1321,1,0,0,0,1,0,0,0,0,0,0,0,0,0,0,0,0,0
1322,1,0,0,0,0,0,0,0,0,0,0,0,0,0,0,0,0,0
1323,1,0,0,1,0,0,0,0,0,0,0,0,1,0,0,0,0,0
1324,0,0,0,0,0,0,0,0,0,0,0,0,0,0,0,0,0,0
1325,1,0,1,0,0,0,0,0,0,0,0,0,0,0,0,0,0,0
1326,0,0,0,1,0,0,0,0,0,0,0,0,0,0,0,0,0,0
1327,1,0,0,0,0,0,0,0,0,0,0,0,0,0,0,0,0,0
1328,1,1,0,0,0,0,0,0,0,0,0,0,0,0,0,0,0,0
1329,0,0,0,0,0,0,0,0,0,0,0,0,0,0,0,0,0,0
1330,1,0,0,1,0,0,0,0,0,0,0,0,0,0,0,0,0,0
1331,0,0,0,0,0,0,0,0,0,0,0,0,0,0,0,0,0,0
1332,1,1,0,0,0,0,0,0,0,0,0,0,0,0,0,0,0,0
1333,1,0,0,0,0,0,0,0,0,0,0,0,0,0,0,0,0,0
1334,1,0,0,0,0,0,0,0,0,0,0,0,0,0,0,0,0,0
1335,1,0,0,0,0,0,0,0,0,0,0,0,0,0,0,0,0,0
1336,1,0,0,1,0,0,0,0,0,0,0,0,0,0,0,0,0,0
1337,0,0,0,1,0,0,0,0,0,0,0,0,0,0,0,0,0,0
1338,1,0,0,0,0,0,0,0,0,0,0,0,0,0,0,0,0,0
1339,1,0,0,0,1,0,0,0,0,0,0,0,0,0,0,0,0,0
1340,0,0,0,0,0,0,0,0,0,0,0,0,0,0,0,0,0,0
1341,1,0,0,1,0,0,0,0,0,0,0,0,0,0,0,0,0,0
1342,1,0,0,0,0,0,1,0,0,0,0,0,0,0,0,0,0,0
1343,0,0,0,0,0,0,0,0,0,0,0,0,0,0,0,0,0,0
1344,0,0,0,1,0,0,1,0,0,0,0,0,0,0,0,0,0,0
1345,0,0,0,1,0,0,0,0,0,0,0,0,0,0,0,0,0,0
1346,1,0,0,1,0,0,0,0,0,0,0,0,0,0,0,0,0,0
1347,0,0,0,0,0,0,0,0,0,0,0,0,0,0,0,0,0,0
1348,0,0,0,0,0,0,0,0,0,0,0,0,0,0,0,0,0,0
1349,1,0,1,1,0,0,0,0,0,0,0,0,0,0,0,0,0,0
1350,1,0,0,0,0,0,0,0,0,0,0,0,0,0,0,0,0,0
1351,1,0,0,1,0,0,0,0,0,0,0,0,0,0,0,0,0,0
1352,0,0,0,0,0,0,0,0,0,0,0,0,0,0,0,0,0,0
1353,1,0,0,0,0,0,0,0,0,0,0,0,0,0,0,0,0,0
1354,1,0,0,1,0,0,0,0,0,0,0,0,0,0,0,0,0,0
1355,0,0,0,0,0,0,0,0,0,0,0,0,0,0,0,0,0,0
1356,1,1,1,1,0,0,0,0,0,0,0,0,0,0,0,0,0,0
1357,1,0,0,0,0,0,0,0,0,0,0,0,0,0,0,0,0,0
1358,0,0,0,0,0,0,0,0,0,0,0,0,0,0,0,0,0,0
1359,1,0,0,0,0,0,0,0,0,0,0,0,0,0,0,0,0,0
1360,0,0,0,0,0,0,0,0,0,0,0,0,0,0,0,0,0,0
1361,1,0,0,0,0,0,0,0,0,0,0,0,0,0,0,0,0,0
1362,0,0,0,0,0,0,0,0,0,0,0,0,0,0,0,0,0,0
1363,0,0,0,0,0,0,0,0,0,0,0,0,0,0,0,0,0,0
1364,0,0,0,0,0,0,0,0,0,0,0,0,0,0,0,0,0,0
1365,1,0,0,1,0,0,0,0,0,0,0,0,0,0,0,0,0,0
1366,0,0,0,0,0,0,0,0,0,0,0,0,0,0,0,0,0,0
1367,1,1,1,0,0,0,0,0,0,0,0,0,0,0,0,0,0,0
1368,1,0,1,0,0,0,1,0,0,0,0,0,0,0,0,0,0,0
1369,0,0,0,1,0,0,0,0,0,0,0,0,0,0,0,0,0,0
1370,1,0,1,1,0,0,0,0,0,0,0,0,0,0,0,0,0,0
1371,1,0,0,1,0,0,0,0,0,0,0,0,0,0,0,0,0,0
1372,0,0,1,1,0,0,0,0,0,0,0,0,0,0,0,0,0,0
1373,1,0,0,1,0,0,0,0,0,0,0,0,0,0,0,0,0,0
1374,1,1,0,1,0,0,0,0,0,0,0,0,0,0,0,0,0,0
1375,1,1,0,0,0,0,0,0,1,0,0,0,0,0,0,0,0,0
1376,0,0,0,0,0,0,0,0,0,1,0,0,0,0,0,0,0,0
1377,1,1,1,0,0,1,0,0,0,0,0,0,0,0,0,0,0,0
1378,1,0,0,1,0,0,0,0,0,0,0,0,0,0,0,0,0,0
1379,1,0,0,1,0,0,0,0,0,0,0,0,0,0,0,0,0,0
1380,1,0,0,1,0,0,0,0,0,0,0,0,0,0,0,0,0,0
1381,0,0,0,1,0,0,0,0,0,0,0,0,0,0,0,0,0,0
1382,1,0,0,1,0,0,0,0,0,0,0,0,0,0,0,0,0,0
1383,1,0,0,1,0,0,0,0,0,0,0,0,0,0,0,0,0,0
1384,0,0,0,0,0,0,0,0,0,0,0,0,0,0,0,0,0,0
1385,1,0,0,0,0,0,0,0,0,1,0,0,0,0,0,0,0,0
1386,1,0,0,0,1,0,0,0,0,0,0,0,0,1,0,0,0,0
1387,0,0,0,0,0,0,0,0,0,0,0,0,0,0,0,0,0,0
1388,0,0,0,0,0,0,0,0,0,0,0,0,0,0,0,0,0,0
1389,1,0,0,1,0,0,0,0,0,0,0,0,0,0,0,0,0,0
1390,0,0,0,0,0,0,0,0,0,0,0,0,0,0,0,0,0,0
1391,1,0,0,0,0,0,1,0,0,0,0,0,0,0,0,0,0,0
1392,1,0,0,0,0,0,0,0,0,0,0,0,0,0,0,0,0,0
1393,1,0,0,0,0,0,0,0,0,0,0,0,0,0,0,0,0,0
1394,1,0,0,1,0,0,0,0,0,0,0,0,0,0,0,0,0,0
1395,0,0,0,1,0,0,0,0,0,0,0,0,0,0,0,0,0,0
1396,1,0,0,0,0,0,0,0,0,0,0,0,0,0,0,0,0,0
1397,1,0,0,0,0,0,1,0,0,0,0,0,0,0,0,0,0,0
1398,0,0,0,0,0,0,0,0,0,0,0,0,0,0,0,0,0,0
1399,1,0,0,0,0,0,0,0,0,1,0,0,0,0,0,0,0,0
1400,0,0,0,1,0,0,0,0,0,0,0,0,0,0,0,0,0,0
1401,1,0,0,0,0,0,0,0,1,0,0,0,0,0,0,0,0,0
1402,0,0,0,0,0,0,0,0,0,0,0,0,0,0,0,0,0,0
1403,1,0,0,0,0,0,0,0,1,0,0,0,0,0,0,0,0,0
1404,1,0,0,1,0,0,0,0,0,0,0,0,0,0,0,0,0,0
1405,1,0,0,1,0,0,0,0,0,1,0,0,0,0,0,0,0,0
1406,1,0,0,0,1,0,0,0,0,1,0,0,0,0,0,0,0,0
1407,0,1,0,0,0,0,0,0,0,0,0,0,0,1,0,0,0,0
1408,0,0,0,0,0,0,0,0,0,0,0,0,0,0,0,0,0,0
1409,0,0,0,0,0,0,0,0,0,0,0,0,0,0,0,0,0,0
1410,1,1,0,0,0,0,0,0,0,0,0,0,0,0,0,0,0,0
1411,1,0,0,0,1,0,0,0,1,0,0,0,0,0,0,0,0,0
1412,0,0,0,0,0,0,0,0,0,0,0,0,0,0,0,0,0,0
1413,1,0,1,1,0,0,0,0,0,0,0,0,0,0,0,0,0,0
1414,1,0,0,1,0,0,0,0,0,1,0,0,0,0,0,0,0,0
1415,1,1,0,1,0,0,0,0,0,0,0,0,0,0,0,0,0,0
1416,1,0,1,0,0,0,0,0,0,0,0,0,0,0,0,0,0,0
1417,0,0,0,1,0,0,0,0,0,0,0,0,0,0,0,0,0,0
1418,1,0,0,0,0,0,1,0,1,0,0,0,0,0,0,0,0,0
1419,1,1,0,1,0,0,0,0,0,0,0,0,0,0,0,0,0,0
1420,1,0,0,0,0,0,0,0,0,0,0,0,0,0,0,0,0,0
1421,1,0,0,1,0,0,0,0,0,0,0,0,0,0,0,0,0,0
1422,0,0,0,0,0,0,0,0,0,0,0,0,0,0,0,0,0,0
1423,1,0,0,1,0,0,0,0,0,0,0,0,0,0,0,0,0,0
1424,0,0,0,0,0,0,0,0,0,0,0,0,0,0,0,0,0,0
1425,1,0,1,1,0,0,0,0,0,0,0,0,0,0,0,0,0,0
1426,1,0,0,0,0,0,0,0,0,0,0,0,0,0,0,0,0,0
1427,1,0,0,0,0,0,0,0,0,0,0,0,0,0,0,0,0,0
1428,0,0,0,0,0,0,0,0,0,0,0,0,0,0,0,0,0,0
1429,1,0,0,1,0,0,0,0,0,0,0,0,0,0,0,0,0,0
1430,1,0,0,0,0,0,0,0,0,0,0,0,0,0,0,0,0,0
1431,0,0,0,1,0,0,0,0,0,1,0,0,0,0,0,0,0,0
1432,1,0,0,1,0,0,1,0,0,0,0,0,0,0,0,0,0,0
1433,1,0,1,1,0,0,0,0,0,0,0,0,0,0,0,0,0,0
1434,0,0,0,0,0,0,0,0,0,0,0,0,0,0,0,0,0,0
1435,1,0,0,0,0,0,0,0,0,0,0,0,0,0,0,0,0,0
1436,1,0,0,0,0,0,0,0,0,0,0,0,0,0,0,0,0,0
1437,0,0,0,0,0,1,0,1,0,0,0,0,0,0,0,0,0,0
1438,1,0,0,0,0,0,0,0,0,0,0,0,0,0,0,0,0,0
1439,1,0,0,0,0,0,0,0,1,0,0,0,0,0,0,0,0,0
1440,1,0,0,0,0,0,0,0,0,0,0,0,0,0,0,0,0,0
1441,0,0,0,0,0,0,0,0,0,0,0,0,0,0,0,0,0,0
1442,1,0,1,1,0,0,0,0,0,0,0,0,0,0,0,0,0,0
1443,1,0,0,1,0,0,0,0,0,0,0,0,0,0,0,0,0,0
1444,1,1,0,1,0,0,0,0,0,0,0,0,0,0,0,0,0,0
1445,1,0,0,0,0,1,0,0,0,0,0,0,0,0,0,0,0,0
1446,0,0,0,1,0,0,0,0,0,0,0,0,0,0,0,0,0,0
1447,0,0,0,0,0,0,0,0,0,0,0,0,0,0,0,0,0,0
1448,0,0,0,0,0,0,0,0,0,0,0,0,0,0,0,0,0,0
1449,1,0,0,0,0,0,0,0,0,0,0,0,0,0,0,0,0,0
1450,0,0,0,0,0,0,0,0,0,0,0,0,0,0,0,0,0,0
1451,1,0,1,1,0,0,0,0,0,0,0,0,0,0,0,0,0,0
1452,0,0,0,0,0,0,0,0,0,0,0,0,0,0,0,0,0,0
1453,1,0,0,0,0,0,0,0,0,0,0,0,0,0,0,0,0,0
1454,1,0,0,0,0,0,0,0,0,0,0,0,0,0,0,0,0,0
1455,1,0,0,1,0,0,0,0,0,0,0,0,0,0,0,0,0,0
1456,1,0,0,0,1,0,0,0,0,0,0,0,0,0,0,0,0,0
1457,0,0,0,0,0,1,1,0,0,0,0,1,0,0,0,0,0,0
1458,1,0,0,0,1,0,0,0,1,0,0,0,0,0,0,0,0,0
1459,0,0,0,0,0,0,0,0,1,0,0,0,0,1,0,0,0,0
1460,1,0,0,1,0,0,0,0,0,0,0,0,0,0,0,0,0,0
1461,0,0,0,0,0,0,1,0,1,0,0,0,0,0,0,0,0,0
1462,1,0,0,0,0,0,0,0,0,0,0,0,0,0,0,0,0,0
1463,1,0,0,0,0,0,0,0,0,0,0,0,0,0,0,0,0,0
1464,0,0,0,0,0,0,0,0,0,0,0,0,0,0,0,0,0,0
1465,1,0,0,0,0,0,0,0,1,0,0,0,0,0,0,0,0,0
1466,1,0,0,1,0,1,0,0,0,0,0,0,0,0,0,0,0,0
1467,0,0,0,0,0,0,0,0,0,0,0,0,0,0,0,0,0,0
1468,1,0,0,1,0,0,0,0,0,0,0,0,0,0,0,0,0,0
1469,1,0,0,0,1,0,0,0,0,0,0,0,0,0,0,0,0,0
1470,1,0,0,1,0,1,0,0,0,0,0,0,0,0,0,0,0,0
1471,0,1,1,1,0,0,0,0,0,0,0,0,0,0,0,0,0,0
1472,1,0,0,1,0,0,0,0,0,0,0,0,0,0,0,0,0,0
1473,1,1,0,0,0,0,0,0,0,0,0,0,0,0,0,0,0,0
1474,0,0,1,1,0,0,1,0,0,0,0,0,0,0,0,0,0,0
1475,1,0,0,0,0,0,0,0,0,1,0,0,0,0,0,0,0,0
1476,1,0,0,0,0,1,0,0,0,0,0,1,0,0,0,0,0,0
1477,0,0,0,1,0,0,0,0,0,0,0,0,0,0,0,0,0,0
1478,0,0,0,0,0,0,0,0,0,0,0,0,0,0,0,0,0,0
1479,1,0,0,1,0,0,0,0,0,0,0,0,0,0,0,0,0,0
1480,0,1,1,1,0,0,0,0,0,0,0,0,0,0,0,0,0,0
1481,1,0,0,1,0,0,0,0,1,0,0,0,0,0,0,0,0,0
1482,0,0,0,0,0,0,0,0,0,0,0,0,0,0,0,0,0,0
1483,1,0,0,1,0,0,0,0,0,0,0,0,0,0,0,0,0,0
1484,1,1,0,0,0,0,0,0,0,0,0,0,0,0,0,0,0,0
1485,1,0,0,0,0,0,1,0,0,0,0,0,0,0,0,0,0,0
1486,1,0,0,1,0,0,0,0,0,0,0,0,0,0,0,0,0,0
1487,1,0,0,0,0,0,0,0,0,0,0,0,0,0,0,0,0,0
1488,0,0,0,0,0,0,0,0,0,0,0,0,0,0,0,0,0,0
1489,1,0,0,0,0,0,0,0,0,1,0,0,0,0,0,0,0,0
1490,1,0,0,0,0,0,0,0,0,0,0,1,0,0,0,0,0,0
1491,0,0,0,0,0,0,0,0,0,0,0,0,0,0,0,0,0,0
1492,1,0,0,0,1,0,0,0,0,1,0,1,0,0,0,0,0,0
1493,0,0,0,0,0,0,0,0,0,0,0,0,0,0,0,0,0,0
1494,0,0,0,0,0,0,0,0,0,0,0,0,0,0,0,0,0,0
1495,0,0,0,0,0,0,0,0,0,0,0,0,0,0,0,0,0,0
1496,1,0,0,1,0,0,0,0,0,0,0,0,0,0,0,0,0,0
1497,0,0,0,0,0,0,0,0,0,0,0,0,0,0,0,0,0,0
1498,1,1,0,0,0,0,0,0,1,0,0,0,0,0,0,0,0,0
1499,0,0,0,0,0,0,0,0,0,0,0,0,0,0,0,0,0,0
1500,1,1,1,0,0,0,0,0,0,0,0,0,0,0,0,0,0,0
1501,0,0,0,1,0,0,0,0,0,0,0,0,0,0,0,0,0,0
1502,1,0,0,0,0,0,1,0,0,0,0,0,0,0,0,0,0,0
1503,0,0,0,1,0,0,0,0,0,0,0,0,0,0,0,0,0,0
1504,0,0,0,1,0,0,0,0,0,0,0,0,0,0,0,0,0,0
1505,1,0,0,1,0,0,0,0,0,0,0,0,0,0,0,0,0,0
1506,1,0,0,0,0,0,0,0,0,0,0,0,0,0,0,0,0,0
1507,1,0,0,0,0,0,0,0,0,0,0,0,0,0,0,0,0,0
1508,0,0,0,1,0,0,0,0,0,0,0,0,0,0,0,0,0,0
1509,1,0,1,1,0,0,0,0,0,0,0,0,0,0,0,0,0,0
1510,0,1,0,0,0,0,0,0,0,1,0,0,0,0,0,0,0,0
1511,1,0,0,1,0,0,0,0,0,0,0,0,0,0,0,0,0,0
1512,1,0,0,0,0,0,0,0,1,0,0,0,0,0,0,0,0,0
1513,1,0,0,1,0,0,1,0,0,0,0,0,0,0,0,0,0,0
1514,0,0,0,0,0,0,0,0,0,0,0,0,0,0,0,0,0,0
1515,0,0,0,0,0,0,0,0,0,0,0,0,0,0,0,0,0,0
1516,0,0,0,1,0,0,0,0,0,0,0,0,0,0,0,0,0,0
1517,1,0,0,0,0,0,0,0,1,1,0,0,0,0,0,0,0,0
1518,1,0,0,1,0,0,0,0,0,0,0,0,0,0,0,0,0,0
1519,1,0,1,1,0,0,0,0,0,0,0,0,0,0,0,0,0,0
1520,1,1,0,1,0,0,0,0,0,0,0,0,0,0,0,0,0,0
1521,1,0,0,1,0,0,0,0,0,0,0,0,0,0,0,0,0,0
1522,1,0,0,1,0,0,0,0,0,0,0,0,0,0,0,0,0,0
1523,0,0,0,0,0,0,0,0,0,0,0,0,0,0,0,0,0,0
1524,0,0,0,1,0,0,0,0,0,0,0,0,0,0,0,0,0,0
1525,0,0,0,1,0,1,0,0,0,1,0,0,0,0,0,0,0,0
1526,1,0,0,0,0,0,0,0,0,0,0,0,0,0,0,0,0,0
1527,0,0,0,0,0,0,0,0,0,0,0,0,0,0,0,0,0,0
1528,1,0,0,1,0,0,0,0,0,0,0,0,0,1,0,0,0,0
1529,0,0,0,1,0,0,0,0,0,0,0,0,0,0,0,0,0,0
1530,1,0,1,0,0,0,0,0,0,0,0,0,0,0,0,0,0,0
1531,1,0,0,0,0,0,0,0,1,0,0,0,0,0,0,0,0,0
1532,0,0,0,0,0,0,0,0,0,0,0,0,0,0,0,0,0,0
1533,0,0,1,0,0,0,0,0,0,0,0,0,0,0,0,0,0,0
1534,1,0,0,0,0,0,1,0,1,0,0,0,0,0,0,0,0,0
1535,0,0,1,1,0,0,0,0,0,0,0,1,0,0,0,0,0,0
1536,1,0,0,0,0,0,0,0,1,1,0,0,0,0,0,0,0,0
1537,0,0,1,1,0,0,0,0,0,0,0,0,0,0,0,0,0,0
1538,0,0,0,0,0,0,0,0,0,0,0,0,0,0,0,0,0,0
1539,1,0,0,1,0,0,0,0,0,0,0,0,0,0,0,0,0,0
1540,0,0,0,0,0,0,0,0,0,0,0,0,0,0,0,0,0,0
1541,0,0,0,0,0,0,0,0,0,0,0,0,0,0,0,0,0,0
1542,0,0,0,0,0,0,0,0,0,0,0,0,0,0,0,0,0,0
1543,1,0,0,0,0,0,0,0,0,0,0,0,0,0,0,0,0,0
1544,0,0,0,0,0,0,0,0,0,0,0,0,0,0,0,0,0,0
1545,1,1,0,0,0,0,0,0,0,0,0,0,0,0,0,0,0,0
1546,1,0,0,0,0,0,0,0,0,0,0,0,0,0,0,0,0,0
1547,1,0,0,1,0,0,0,0,0,0,0,0,0,0,0,0,0,0
1548,1,0,0,1,0,0,0,0,0,0,0,0,0,0,0,0,0,0
1549,0,0,0,1,0,0,0,0,0,1,0,0,0,0,0,0,0,0
1550,1,0,0,0,0,0,0,0,0,0,0,0,0,0,0,0,0,0
1551,1,0,0,1,1,0,0,0,0,0,0,0,0,0,0,0,0,0
1552,0,0,0,0,0,0,0,0,0,0,0,0,0,0,0,0,0,0
1553,0,0,0,0,0,0,0,0,0,0,0,0,0,0,0,0,0,0
1554,1,0,0,0,0,0,0,0,0,0,0,0,0,0,0,0,0,0
1555,0,0,0,0,0,0,0,0,0,0,0,0,0,0,0,0,0,0
1556,1,0,0,1,0,0,0,0,0,0,0,0,0,0,0,0,0,0
1557,1,0,0,1,0,0,0,0,0,0,0,0,0,0,0,0,0,0
1558,1,1,0,0,1,0,0,0,0,0,0,0,0,0,0,0,0,0
1559,0,0,0,1,0,0,0,0,0,0,0,0,0,0,0,0,0,0
1560,1,0,0,0,0,0,0,0,0,1,0,1,0,0,0,0,0,0
1561,0,0,0,0,0,0,0,0,0,0,0,0,0,0,0,0,0,0
1562,0,0,0,0,0,0,0,0,0,0,0,0,0,0,0,0,0,0
1563,1,0,0,0,0,0,1,0,0,0,0,0,0,0,0,0,0,0
1564,1,0,1,0,0,0,0,0,0,0,0,0,0,0,0,0,0,0
1565,0,1,0,1,0,0,0,0,1,0,0,0,0,0,0,0,0,0
1566,1,0,1,1,0,0,0,0,0,0,0,1,0,1,0,0,0,0
1567,1,0,0,1,0,0,0,0,0,0,0,0,0,0,0,0,0,0
1568,0,0,0,1,0,0,0,0,0,0,0,0,0,0,0,0,0,0
1569,0,0,0,0,0,0,0,0,0,0,0,0,0,0,0,0,0,0
1570,1,1,0,0,0,0,0,0,1,0,0,0,0,0,0,0,0,0
1571,1,0,0,1,0,0,0,0,0,0,0,0,0,0,0,0,0,0
1572,1,0,1,0,0,0,0,0,0,0,0,0,0,0,0,0,0,0
1573,0,0,0,0,0,1,0,0,1,0,0,0,0,0,0,0,0,0
1574,1,0,0,1,0,0,0,0,0,0,0,0,0,0,0,0,0,0
1575,0,0,0,0,0,0,0,0,0,0,0,0,0,0,0,0,0,0
1576,1,0,0,0,0,0,0,0,0,0,0,0,0,0,0,0,0,0
1577,1,0,0,0,0,0,0,0,0,0,0,0,0,0,0,0,0,0
1578,1,0,0,0,0,0,0,0,0,0,0,0,0,0,0,0,0,0
1579,0,0,0,1,0,0,0,0,0,1,0,0,0,0,0,0,0,0
1580,1,0,0,1,0,1,0,0,0,0,0,0,0,0,0,0,0,0
1581,1,0,0,0,0,0,0,1,0,1,0,0,0,0,0,0,0,0
1582,0,0,0,0,0,0,0,0,0,0,0,0,0,0,0,0,0,0
1583,0,0,0,0,0,0,0,0,0,0,0,0,0,0,0,0,0,0
1584,1,0,0,0,0,0,0,0,0,0,0,0,0,0,0,0,0,0
1585,1,0,0,0,0,1,0,0,1,0,0,0,0,0,0,0,0,0
1586,0,0,0,0,0,0,0,0,0,0,0,0,0,0,0,0,0,0
1587,1,0,0,1,0,0,0,0,0,0,0,0,0,0,0,0,0,0
1588,0,0,0,0,0,0,0,0,0,0,0,0,0,0,0,0,0,0
1589,0,0,0,0,0,0,0,0,0,0,0,0,0,0,0,0,0,0
1590,1,1,0,1,0,0,0,0,0,0,0,0,0,0,0,0,0,0
1591,1,0,1,1,0,0,0,0,0,0,0,0,0,0,0,0,0,0
1592,1,0,0,0,0,0,0,0,0,0,0,0,0,0,0,0,0,0
1593,0,0,0,0,0,0,0,0,0,0,0,0,0,0,0,0,0,0
1594,1,0,0,1,0,0,0,0,0,0,0,0,0,0,0,0,0,0
1595,1,0,0,1,0,0,0,0,0,0,0,0,0,0,0,0,0,0
1596,1,0,0,0,0,0,0,0,0,0,0,0,0,0,0,0,0,0
1597,0,0,0,0,0,0,0,0,0,0,0,0,0,0,0,0,0,0
1598,0,0,0,0,0,0,0,0,0,0,0,0,0,0,0,0,0,0
1599,0,0,0,0,0,0,0,0,0,0,0,0,0,0,0,0,0,0
1600,1,0,0,0,0,0,0,0,0,0,0,0,0,0,0,0,0,0
1601,1,0,0,1,0,0,0,0,0,1,0,0,0,0,0,0,0,0
1602,0,0,1,1,0,0,0,0,0,0,0,0,0,0,0,0,0,0
1603,1,0,0,0,0,0,0,0,0,0,0,0,0,0,0,0,0,0
1604,1,0,0,0,0,0,0,0,0,0,0,0,0,0,0,0,0,0
1605,0,0,0,0,0,0,0,0,0,0,0,0,0,0,0,0,0,0
1606,0,0,0,0,0,0,0,0,0,0,0,0,0,0,0,0,0,0
1607,0,1,0,1,0,0,0,0,0,0,0,0,0,0,0,0,0,0
1608,0,0,1,1,0,0,0,0,0,0,0,0,0,0,0,0,0,0
1609,1,0,0,0,0,0,0,0,0,0,0,0,0,0,0,0,0,0
1610,0,0,0,0,0,0,0,0,0,0,0,0,0,0,0,0,0,0
1611,1,0,0,1,0,0,0,0,0,0,0,0,0,0,0,0,0,0
1612,0,0,0,0,0,0,0,0,0,0,0,0,0,0,0,0,0,0
1613,1,0,0,1,0,0,0,0,0,0,0,0,0,0,0,0,0,0
1614,1,0,0,1,0,0,0,0,0,0,0,0,0,0,0,0,0,0
1615,1,0,0,1,0,0,0,0,0,0,0,0,0,0,0,0,0,0
1616,0,0,0,0,0,0,0,0,0,0,0,0,0,0,0,0,0,0
1617,1,0,0,0,0,0,0,0,0,0,0,0,0,1,0,1,0,0
1618,1,0,0,1,0,0,0,0,0,0,0,0,0,0,0,0,0,0
1619,1,1,0,0,0,0,0,0,1,1,0,0,0,0,0,0,0,0
1620,1,1,0,1,0,0,0,0,0,0,0,0,0,0,0,0,0,0
1621,1,0,0,1,0,0,0,0,1,0,0,0,0,0,0,0,0,0
1622,1,0,0,0,0,0,0,0,0,0,0,0,0,0,0,0,0,0
1623,1,1,0,1,0,0,0,0,0,0,0,0,0,0,0,0,0,0
1624,0,0,0,0,0,0,0,0,0,0,0,0,0,0,0,0,0,0
1625,1,0,0,0,0,0,0,0,0,0,0,0,0,0,0,0,0,0
1626,1,0,0,1,0,0,0,0,0,0,0,0,0,0,0,0,0,0
1627,1,0,0,1,0,1,0,0,0,0,0,0,0,0,0,0,0,0
1628,1,0,0,1,1,0,0,0,0,0,0,0,0,0,0,0,0,0
1629,1,0,0,0,0,0,0,0,0,0,0,0,0,0,0,0,0,0
1630,0,0,1,1,0,0,1,0,1,0,0,0,0,0,0,0,0,0
1631,1,0,0,1,0,0,0,0,0,0,0,0,0,0,0,0,0,0
1632,1,1,0,0,0,0,0,0,0,0,0,0,0,0,0,0,0,0
1633,1,0,0,0,0,0,0,0,0,0,0,0,0,0,0,0,0,0
1634,1,1,1,1,0,0,0,0,0,0,0,0,0,0,0,0,0,0
1635,1,0,0,1,0,0,0,0,0,0,0,0,0,0,0,0,0,0
1636,0,0,0,1,0,0,0,0,0,0,0,0,0,0,0,0,0,0
1637,1,0,0,1,0,0,0,0,0,0,0,0,0,0,0,0,0,0
1638,1,0,0,0,1,0,0,0,0,0,0,0,0,0,0,0,0,0
1639,0,0,0,1,0,0,0,0,0,0,0,0,0,0,0,0,0,0
1640,0,0,0,1,0,0,0,0,0,0,0,0,0,0,0,0,0,0
1641,0,1,0,1,0,0,0,0,0,0,0,0,0,0,0,0,0,0
1642,0,0,0,0,1,0,0,0,0,0,0,0,0,0,0,0,0,0
1643,0,0,0,0,0,0,1,0,0,1,0,0,0,0,0,0,0,0
1644,1,0,0,0,0,0,0,0,0,0,0,0,0,0,0,0,0,0
1645,1,0,0,0,0,0,0,0,0,0,0,0,0,0,0,0,0,0
1646,0,0,0,1,0,0,0,0,0,0,0,0,0,0,0,0,0,0
1647,0,1,1,0,1,0,0,0,0,0,0,0,0,0,0,0,0,0
1648,0,0,0,0,0,0,0,0,0,0,0,0,0,0,0,0,0,0
1649,1,0,0,1,0,0,0,0,0,0,0,0,0,0,0,0,0,0
1650,0,0,0,0,0,0,0,0,0,0,0,0,0,0,0,0,0,0
1651,1,0,0,1,0,0,0,0,0,0,0,0,0,0,0,0,0,0
1652,1,0,0,0,0,0,0,0,0,0,0,0,0,0,0,0,0,0
1653,0,0,0,0,0,0,0,0,0,0,0,0,0,0,0,0,0,0
1654,1,0,0,1,0,0,0,0,0,0,0,0,0,0,0,0,0,0
1655,1,0,0,0,0,0,1,0,0,0,0,0,0,0,0,0,0,0
1656,0,0,0,0,0,0,0,0,0,0,0,0,0,0,0,0,0,0
1657,1,0,0,0,0,0,1,0,0,0,0,0,0,0,0,0,0,0
1658,1,1,0,1,0,0,0,0,0,0,0,0,0,0,0,0,0,0
1659,1,1,0,0,0,0,0,0,0,0,0,1,0,0,0,0,0,0
1660,1,0,0,1,0,0,0,0,0,0,0,0,0,1,0,0,0,0
1661,1,0,1,1,0,0,0,0,0,0,0,0,0,0,0,0,0,0
1662,1,0,0,1,0,0,0,0,0,0,0,0,0,0,0,0,0,0
1663,0,0,0,0,0,0,0,0,0,0,0,0,0,0,0,0,0,0
1664,0,1,0,1,0,1,0,0,0,0,0,0,0,0,0,0,0,0
1665,1,1,0,0,0,0,0,0,0,0,0,0,0,0,0,0,0,0
1666,1,0,0,1,0,0,0,0,0,0,0,0,0,0,0,0,0,0
1667,1,0,0,0,0,0,0,0,0,0,0,0,0,0,0,0,0,0
1668,1,0,0,1,1,0,0,0,0,0,0,0,0,0,0,0,0,0
1669,0,0,0,0,0,0,0,0,0,0,0,0,0,0,0,0,0,0
1670,0,0,0,0,0,0,0,0,0,0,0,0,0,0,0,0,0,0
1671,0,0,1,0,0,0,0,0,0,0,0,0,0,0,0,0,0,0
1672,1,0,0,0,0,0,0,0,0,0,0,0,0,0,0,0,0,0
